user_id,days_since_purchase,total_spend,subscription_type,churn
1,25,542.8,Basic,0
2,2,688.3,Premium,0
3,62,29.3,Premium,0
4,57,317.8,Basic,0
5,61,268.6,Basic,0
6,20,153.1,Basic,0
7,26,190.2,Basic,0
8,25,293.0,Premium,0
9,89,194.2,Basic,0
10,48,765.3,Premium,0
11,43,195.6,Basic,0
12,72,1620.6,,0
13,25,179.7,Premium,0
14,55,173.0,Basic,1
15,146,211.0,Basic,0
16,99,122.0,Basic,0
17,54,210.1,Basic,0
18,45,149.5,Basic,0
19,60,435.8,Basic,0
20,108,168.2,Basic,1
21,103,108.0,Basic,1
22,120,184.6,Basic,1
23,50,238.7,Basic,0
24,4,201.1,Basic,0
25,140,1279.2,Basic,0
26,21,465.1,Premium,0
27,71,78.8,Basic,1
28,4,399.7,Basic,0
29,43,310.2,Basic,0
30,32,367.4,Basic,0
31,120,397.7,Basic,1
32,54,634.5,Basic,0
33,42,222.8,Basic,1
34,59,312.8,Premium,0
35,1,176.1,Premium,0
36,24,382.8,Premium,0
37,28,123.7,Basic,0
38,66,99.7,Basic,1
39,17,1033.4,Premium,0
40,48,236.3,Basic,0
41,39,361.9,Basic,0
42,26,153.1,Basic,0
43,27,906.0,Basic,0
44,39,270.6,Premium,0
45,6,697.4,Basic,0
46,72,469.9,Premium,0
47,21,264.9,Basic,0
48,34,321.1,Basic,0
49,117,234.6,Basic,1
50,73,222.6,Basic,1
51,14,396.2,Premium,0
52,1,46.2,Premium,0
53,61,198.9,,0
54,35,566.8,Premium,0
55,49,461.9,Basic,0
56,72,1416.1,Premium,0
57,80,509.8,Basic,1
58,30,484.2,Basic,0
59,38,328.2,Basic,0
60,56,578.2,Basic,0
61,58,284.5,Basic,1
62,48,264.0,Basic,0
63,109,350.6,Premium,0
64,58,569.5,Basic,0
65,71,267.2,Basic,0
66,51,357.2,Basic,0
67,17,164.7,Basic,0
68,24,1121.4,Premium,0
69,14,198.0,Basic,0
70,86,336.6,Premium,0
71,9,625.5,Premium,0
72,37,631.1,Basic,0
73,31,276.2,Basic,0
74,30,566.1,Premium,0
75,33,164.6,Premium,0
76,123,404.0,Premium,1
77,5,560.9,Premium,0
78,100,690.1,Basic,1
79,35,80.6,Basic,0
80,76,108.3,Basic,1
81,44,68.5,Premium,0
82,15,90.4,Basic,0
83,106,593.5,Basic,0
84,96,160.8,Basic,1
85,16,269.2,Basic,0
86,64,112.2,Basic,1
87,25,229.9,Premium,0
88,10,808.8,Basic,0
89,21,429.8,Premium,0
90,102,388.4,Basic,0
91,77,234.3,Basic,0
92,33,711.9,Premium,0
93,103,699.0,Premium,0
94,91,214.2,Basic,0
95,21,333.6,Premium,0
96,119,610.1,Basic,1
97,31,268.3,Basic,0
98,34,194.8,Basic,0
99,6,206.1,Basic,0
100,25,175.8,Basic,0
101,37,265.8,Basic,0
102,52,180.5,Basic,1
103,15,265.3,Basic,0
104,22,142.5,Basic,1
105,121,436.2,Premium,0
106,87,371.7,Basic,1
107,98,418.5,Basic,0
108,40,489.6,Premium,0
109,54,519.3,Basic,0
110,65,281.7,Basic,0
111,120,,Basic,1
112,9,158.8,Basic,0
113,27,580.4,Premium,0
114,50,217.6,Premium,0
115,45,48.2,Basic,0
116,22,198.2,Premium,0
117,61,611.4,Premium,0
118,28,406.8,Basic,0
119,42,403.5,Premium,0
120,59,1028.6,Basic,0
121,29,437.7,Premium,0
122,73,171.3,Premium,0
123,82,121.8,Basic,1
124,23,376.2,Basic,0
125,28,672.8,Basic,0
126,18,260.9,Basic,0
127,41,447.3,Premium,0
128,52,464.3,Premium,0
129,32,1054.4,Basic,0
130,51,499.0,Basic,0
131,27,583.9,Basic,0
132,28,127.2,Basic,0
133,54,166.9,Basic,0
134,30,156.4,Basic,0
135,40,282.8,Premium,0
136,56,276.4,Basic,0
137,51,327.0,Basic,0
138,28,321.3,Premium,0
139,88,153.5,Basic,1
140,63,136.5,Premium,0
141,50,457.0,Premium,0
142,15,427.1,Basic,0
143,45,225.0,Basic,0
144,25,57.0,Basic,0
145,60,495.5,Basic,0
146,1,217.7,Basic,0
147,34,78.0,Basic,0
148,27,258.4,Basic,0
149,73,518.9,Basic,0
150,6,188.5,Basic,1
151,43,23.8,Premium,0
152,62,208.9,Basic,0
153,135,147.1,Basic,1
154,28,294.5,Basic,0
155,53,341.9,Premium,0
156,6,175.7,Basic,0
157,41,217.3,Premium,0
158,92,811.0,Premium,0
159,136,374.7,Basic,1
160,57,476.2,Premium,0
161,9,476.3,Basic,0
162,103,216.3,Basic,1
163,9,735.9,Basic,0
164,14,329.4,Basic,0
165,108,283.9,Basic,1
166,39,424.3,Premium,0
167,25,208.4,Basic,0
168,69,153.0,Basic,0
169,47,553.2,Basic,0
170,87,96.7,Basic,1
171,49,135.8,Premium,0
172,50,240.1,Basic,1
173,85,128.3,Basic,0
174,39,57.1,Basic,0
175,19,101.2,Basic,0
176,71,131.5,Basic,1
177,33,442.1,Premium,0
178,52,226.2,Basic,0
179,5,638.0,Premium,0
180,38,96.2,Basic,0
181,27,111.7,Basic,0
182,5,303.7,Basic,0
183,38,191.9,Premium,1
184,40,260.1,Premium,0
185,55,102.4,Basic,0
186,91,124.9,Premium,0
187,82,185.9,Premium,0
188,29,510.5,Basic,0
189,48,76.2,Basic,1
190,60,551.0,Basic,0
191,29,478.1,Basic,1
192,10,227.8,Premium,0
193,35,341.0,Premium,0
194,94,321.7,Basic,0
195,9,411.8,Basic,0
196,17,111.6,Basic,0
197,21,579.0,Premium,0
198,17,361.7,Premium,0
199,69,154.6,Premium,0
200,24,364.6,Premium,0
201,70,117.8,Basic,1
202,43,255.4,Basic,0
203,7,181.7,Basic,0
204,30,378.9,Premium,0
205,83,303.9,Basic,0
206,47,601.8,Basic,0
207,32,395.5,Basic,1
208,95,452.7,Premium,0
209,16,53.7,Basic,0
210,25,499.4,Basic,0
211,78,187.8,Basic,1
212,68,133.2,Premium,0
213,14,1198.3,Premium,0
214,59,147.5,Basic,1
215,24,839.1,Premium,0
216,4,324.6,Basic,0
217,32,376.3,Basic,0
218,141,334.1,Premium,1
219,84,121.8,Basic,0
220,40,556.1,Premium,0
221,9,400.7,Premium,0
222,4,305.0,,0
223,43,274.2,Basic,0
224,56,212.8,Basic,0
225,69,429.9,Basic,0
226,64,369.3,Basic,0
227,68,602.1,Premium,0
228,51,220.2,Basic,0
229,93,268.8,Premium,0
230,27,169.1,Basic,0
231,43,363.9,Premium,0
232,7,56.4,Basic,0
233,26,1216.7,Basic,0
234,83,155.2,Basic,1
235,66,588.1,Basic,0
236,2,239.9,Premium,0
237,148,391.6,Basic,1
238,47,778.0,Basic,0
239,48,376.6,Basic,0
240,25,748.7,Basic,0
241,30,734.6,Premium,0
242,47,,Premium,0
243,64,562.2,Premium,0
244,53,336.1,Basic,0
245,27,144.9,,0
246,19,692.7,Premium,0
247,18,93.4,Basic,0
248,87,662.8,Premium,0
249,80,567.3,Premium,0
250,59,369.6,Premium,0
251,87,161.5,Basic,1
252,38,428.3,Basic,0
253,75,52.0,Premium,0
254,62,137.0,Basic,1
255,77,260.0,Basic,0
256,16,284.5,Basic,0
257,51,181.9,Premium,0
258,31,185.7,Premium,0
259,3,385.0,Basic,0
260,97,117.6,Basic,1
261,80,197.3,Basic,1
262,54,120.9,Premium,0
263,20,270.8,Basic,0
264,7,223.0,Basic,0
265,3,47.0,Premium,0
266,26,99.2,Premium,0
267,68,796.9,Premium,0
268,32,194.8,Premium,0
269,60,342.3,Basic,0
270,62,110.7,Basic,0
271,68,875.7,Premium,0
272,5,68.3,Premium,0
273,22,744.4,Premium,0
274,59,368.9,Premium,0
275,111,420.6,Basic,1
276,91,619.1,Basic,0
277,52,410.4,Premium,0
278,97,792.7,Basic,0
279,52,796.0,Premium,0
280,9,534.8,Premium,0
281,67,712.7,Premium,0
282,93,263.6,Basic,0
283,134,122.7,Basic,1
284,26,1106.2,Basic,0
285,14,277.3,Basic,0
286,76,326.8,Basic,0
287,57,80.1,Basic,0
288,53,644.7,Basic,0
289,98,320.5,Basic,0
290,75,384.8,Basic,0
291,61,422.0,Basic,0
292,28,146.4,Basic,0
293,71,823.1,Premium,0
294,14,345.8,Basic,0
295,52,38.9,Basic,0
296,41,549.7,Basic,0
297,8,318.8,Premium,0
298,57,159.7,Basic,0
299,26,58.7,Basic,1
300,56,197.4,Basic,1
301,18,,Basic,0
302,76,590.5,Basic,0
303,123,169.0,Basic,1
304,14,71.8,Basic,0
305,18,504.0,Premium,0
306,11,793.9,Premium,0
307,35,207.9,Basic,0
308,55,896.4,Basic,0
309,68,708.6,Premium,0
310,51,647.2,Basic,0
311,67,379.9,Basic,0
312,39,350.4,Basic,0
313,25,162.9,Basic,0
314,18,998.0,Premium,0
315,36,890.4,Premium,0
316,19,1012.3,Premium,0
317,54,264.7,Basic,0
318,19,210.7,Basic,0
319,28,458.0,Basic,0
320,87,187.6,Basic,0
321,93,266.9,Basic,0
322,91,57.8,Premium,1
323,40,426.5,Premium,0
324,26,410.5,Basic,0
325,60,854.0,Premium,0
326,19,611.2,Premium,0
327,71,526.1,Basic,0
328,24,857.8,Basic,0
329,35,139.0,Basic,0
330,72,118.6,Basic,1
331,6,311.9,Basic,0
332,25,138.0,Premium,0
333,55,343.9,Basic,0
334,64,109.8,Basic,1
335,56,131.0,Basic,0
336,35,59.5,Basic,1
337,77,421.9,Premium,0
338,18,109.7,Premium,0
339,17,392.7,Basic,0
340,54,439.0,Basic,0
341,16,152.7,Basic,0
342,125,481.7,Basic,1
343,26,445.0,Basic,0
344,76,564.9,Basic,0
345,13,141.9,Basic,0
346,108,137.0,Basic,0
347,42,423.0,Basic,0
348,25,,Basic,0
349,33,330.2,Basic,0
350,22,671.7,Basic,0
351,35,504.6,Basic,0
352,14,579.1,Premium,0
353,26,534.4,Premium,0
354,75,534.7,Basic,0
355,49,236.3,Basic,0
356,17,103.0,Basic,0
357,36,168.5,Basic,0
358,93,151.3,Basic,1
359,29,18.7,Premium,0
360,16,411.6,Basic,0
361,62,212.7,Basic,1
362,4,239.5,Basic,0
363,33,177.0,Basic,0
364,99,267.8,Basic,0
365,35,959.4,Premium,0
366,80,58.4,Basic,1
367,15,1076.8,Premium,0
368,34,418.6,Premium,0
369,31,186.6,Basic,0
370,60,205.0,Basic,1
371,44,129.0,Basic,0
372,108,39.2,Basic,1
373,27,110.5,Basic,0
374,43,349.2,Premium,0
375,32,,Basic,0
376,41,375.7,Basic,0
377,38,231.9,Premium,0
378,19,159.2,Basic,0
379,72,1320.8,Premium,0
380,24,131.9,Basic,0
381,22,139.1,Basic,0
382,9,687.3,Premium,0
383,27,444.3,Basic,0
384,23,256.4,Premium,0
385,5,610.7,Premium,0
386,35,381.0,Premium,0
387,104,179.9,Basic,1
388,11,423.9,Basic,0
389,41,353.8,Premium,0
390,34,54.6,Premium,0
391,65,551.4,Premium,0
392,69,243.2,Basic,0
393,157,699.9,Basic,0
394,50,629.9,Premium,0
395,21,310.0,Basic,0
396,26,262.3,Premium,0
397,28,346.6,Premium,0
398,24,126.2,Basic,0
399,122,402.9,Premium,0
400,66,955.4,Premium,0
401,59,894.9,Basic,0
402,16,777.4,Premium,0
403,68,297.2,Basic,1
404,89,93.3,Premium,0
405,35,254.6,Basic,0
406,26,658.2,Premium,0
407,109,468.4,Basic,0
408,23,236.6,Basic,0
409,21,289.0,Premium,0
410,18,355.1,Basic,0
411,39,278.9,Basic,0
412,50,329.6,Premium,0
413,81,317.6,Premium,0
414,61,654.0,Basic,0
415,60,111.8,Basic,0
416,98,212.3,Basic,1
417,17,221.8,Basic,0
418,10,303.1,Basic,0
419,63,354.2,Premium,0
420,38,336.9,Premium,0
421,81,153.6,Premium,0
422,40,353.8,Premium,0
423,25,416.5,Basic,0
424,64,310.7,Basic,0
425,44,109.9,Basic,0
426,40,289.2,Basic,0
427,176,275.9,Basic,1
428,93,267.7,Premium,0
429,70,313.1,Basic,0
430,45,163.3,Basic,0
431,43,429.1,Basic,0
432,33,1117.4,Premium,0
433,49,454.7,Basic,0
434,28,142.3,Basic,0
435,14,413.2,Basic,0
436,40,631.2,Premium,0
437,52,351.1,Basic,0
438,81,490.0,Premium,0
439,21,330.1,Premium,0
440,43,95.0,Basic,0
441,61,241.1,Basic,0
442,60,162.4,Premium,0
443,118,225.4,Basic,1
444,33,175.5,Basic,0
445,19,153.1,Premium,0
446,45,828.1,Premium,0
447,35,348.8,Premium,0
448,30,234.4,Premium,0
449,27,61.6,Basic,0
450,52,468.7,Basic,0
451,24,413.5,Premium,0
452,70,,Basic,0
453,67,152.7,Basic,0
454,55,784.3,Premium,0
455,17,241.0,Basic,0
456,50,130.7,Basic,0
457,85,197.0,Basic,1
458,73,292.4,Basic,1
459,66,180.5,Basic,1
460,42,98.1,Basic,0
461,41,126.8,Basic,0
462,94,388.3,Basic,0
463,51,147.2,Premium,0
464,52,161.8,Basic,0
465,209,152.0,Premium,1
466,33,323.9,Basic,0
467,4,1242.2,Basic,0
468,36,490.2,Premium,0
469,38,146.8,Basic,0
470,51,420.7,Premium,0
471,59,154.3,Basic,0
472,5,393.0,Premium,0
473,60,687.6,Basic,0
474,40,335.1,Premium,0
475,34,339.9,Basic,0
476,8,345.9,Premium,0
477,107,496.7,Basic,1
478,30,421.4,Basic,0
479,67,265.1,Premium,0
480,21,421.6,Basic,0
481,52,304.1,Basic,0
482,34,248.6,Premium,0
483,65,193.8,Basic,0
484,33,297.6,Basic,0
485,20,336.4,Basic,0
486,41,307.6,Premium,0
487,40,342.1,Basic,0
488,50,143.5,Basic,0
489,79,141.6,Premium,0
490,16,92.1,Premium,0
491,76,383.9,Basic,0
492,14,64.6,Basic,1
493,64,339.7,Basic,0
494,65,182.5,Basic,0
495,28,209.0,Basic,0
496,22,211.4,Basic,0
497,21,1103.7,Basic,0
498,44,165.6,Basic,0
499,68,160.8,Premium,0
500,37,1077.4,Premium,0
501,3,101.7,Premium,0
502,27,96.5,Basic,0
503,26,474.7,Basic,0
504,59,452.2,Premium,0
505,61,251.1,Premium,0
506,47,111.4,Basic,0
507,77,47.8,Premium,0
508,80,925.9,Premium,0
509,28,549.1,Premium,0
510,20,860.6,Premium,0
511,39,534.9,Basic,0
512,47,360.3,Basic,0
513,27,210.5,Premium,0
514,241,145.4,Premium,1
515,103,570.0,Basic,0
516,25,182.8,Basic,0
517,17,117.4,Basic,0
518,23,198.5,Premium,0
519,81,771.6,Premium,0
520,83,127.9,Basic,1
521,104,194.0,Basic,0
522,20,241.2,Basic,0
523,59,,Premium,0
524,21,155.4,Premium,0
525,118,305.8,Premium,1
526,20,480.9,Basic,0
527,13,940.4,Basic,0
528,16,101.5,Basic,0
529,41,116.4,Basic,0
530,67,171.3,Premium,0
531,64,524.5,Premium,0
532,17,140.6,Premium,0
533,31,297.8,Premium,0
534,28,211.5,Basic,0
535,14,1292.1,Premium,0
536,27,213.8,Premium,0
537,101,203.6,Premium,0
538,13,403.2,Basic,0
539,49,322.9,Basic,0
540,102,148.1,Basic,0
541,99,807.5,Premium,0
542,122,76.0,Basic,1
543,52,247.0,Basic,0
544,58,261.4,Premium,1
545,27,231.2,Basic,0
546,12,147.0,Basic,1
547,37,235.1,Basic,0
548,88,386.6,Premium,0
549,3,21.6,Basic,0
550,29,230.1,Premium,0
551,62,132.7,Basic,0
552,42,1031.7,Premium,0
553,95,351.9,Basic,0
554,82,126.4,Basic,1
555,11,220.5,Premium,0
556,44,207.0,Basic,0
557,22,166.6,Basic,0
558,22,370.7,Basic,0
559,12,918.1,Premium,0
560,50,7.3,Basic,0
561,97,256.6,Premium,1
562,53,937.2,Basic,0
563,11,203.5,Basic,0
564,40,309.8,Basic,0
565,60,29.2,Basic,1
566,38,616.4,Basic,0
567,52,99.9,Basic,0
568,24,345.8,Basic,0
569,35,152.2,Premium,0
570,33,14.0,Basic,0
571,108,323.4,Basic,1
572,17,557.7,Premium,0
573,4,241.4,Basic,0
574,104,88.9,Basic,1
575,46,1376.3,Premium,0
576,14,543.0,Premium,0
577,77,288.3,Basic,0
578,63,716.3,Premium,0
579,120,166.5,Basic,1
580,48,845.3,Basic,0
581,176,423.1,Basic,1
582,38,670.8,Premium,0
583,63,194.2,Basic,0
584,69,97.6,Basic,1
585,29,291.5,Basic,0
586,29,172.5,Basic,0
587,70,910.7,Basic,0
588,13,73.7,Basic,1
589,22,652.3,Basic,0
590,37,51.3,Basic,0
591,117,116.7,Basic,1
592,70,50.1,Basic,1
593,44,166.9,Basic,0
594,27,215.8,Basic,0
595,148,194.7,Premium,0
596,40,345.6,Basic,0
597,22,282.2,Premium,0
598,167,30.4,Basic,1
599,13,111.1,Basic,0
600,99,192.6,Basic,1
601,42,535.1,Basic,0
602,70,277.6,Basic,0
603,62,173.9,Basic,0
604,69,65.1,Basic,1
605,177,286.8,Basic,1
606,159,621.7,Basic,0
607,23,199.4,Basic,0
608,60,121.0,Basic,1
609,7,383.7,Basic,0
610,75,714.5,Premium,0
611,87,221.5,Basic,0
612,4,540.5,Premium,0
613,41,181.3,Basic,0
614,70,429.7,Basic,1
615,54,835.7,Premium,0
616,13,617.1,Premium,0
617,15,372.7,Basic,0
618,37,787.5,Basic,0
619,29,269.6,Premium,0
620,32,484.3,Premium,0
621,12,212.9,Basic,0
622,43,372.7,Basic,0
623,118,418.5,Basic,0
624,14,496.1,Basic,0
625,35,263.0,Basic,0
626,65,41.4,Basic,1
627,9,216.3,Basic,0
628,43,530.9,Premium,0
629,85,321.7,Basic,0
630,17,356.7,Basic,0
631,46,568.2,Premium,0
632,81,126.6,Premium,0
633,171,452.8,Basic,1
634,44,813.3,Basic,0
635,23,192.6,Basic,0
636,23,503.2,Basic,0
637,11,275.1,Basic,0
638,124,349.7,Basic,1
639,77,470.3,Basic,1
640,15,320.4,Basic,0
641,21,183.4,Basic,1
642,44,331.0,Basic,0
643,84,120.5,Basic,1
644,60,66.4,Basic,1
645,56,670.5,Basic,0
646,49,471.5,Premium,0
647,16,421.7,Basic,0
648,44,399.3,Premium,0
649,40,67.1,Premium,0
650,11,639.7,Basic,0
651,122,183.7,Basic,0
652,25,214.3,Basic,0
653,11,588.3,Basic,0
654,29,154.5,Premium,0
655,34,199.8,Basic,1
656,39,188.6,Basic,0
657,33,115.7,Basic,0
658,41,278.8,Basic,0
659,47,130.2,Basic,0
660,45,658.4,Basic,0
661,56,61.5,Basic,1
662,58,111.8,Premium,0
663,59,199.6,Basic,0
664,70,255.3,Basic,0
665,23,148.0,Basic,0
666,24,441.9,Basic,0
667,85,222.3,Basic,1
668,30,377.8,Basic,0
669,38,626.6,Basic,0
670,35,770.5,Basic,0
671,167,203.4,Basic,1
672,20,360.2,Premium,0
673,19,319.2,Basic,0
674,41,208.7,Basic,0
675,36,109.1,Basic,1
676,15,682.1,Premium,0
677,39,109.2,Basic,0
678,42,560.5,Basic,0
679,27,465.4,Premium,0
680,37,403.6,Premium,0
681,22,181.5,Premium,0
682,15,36.9,Basic,1
683,30,515.6,Basic,0
684,17,179.4,Premium,0
685,12,486.3,Premium,0
686,6,388.5,Basic,0
687,49,258.4,Basic,0
688,29,313.1,Basic,0
689,85,460.6,Premium,0
690,31,294.5,Basic,0
691,49,126.2,Basic,1
692,24,62.1,Basic,0
693,40,149.1,Basic,0
694,6,189.9,Basic,0
695,29,649.2,Basic,0
696,20,89.6,Basic,0
697,79,712.5,Basic,0
698,47,868.8,Basic,0
699,72,153.6,Basic,0
700,91,848.5,Basic,0
701,27,230.1,Basic,0
702,45,201.6,Basic,0
703,16,649.5,Basic,0
704,54,302.8,Basic,1
705,60,270.5,Basic,0
706,52,191.4,Premium,0
707,27,158.6,Basic,0
708,130,361.0,Premium,0
709,42,649.3,Basic,0
710,16,117.1,Premium,0
711,64,311.5,Premium,0
712,81,73.6,Basic,0
713,16,140.7,Basic,0
714,34,413.6,Basic,0
715,11,118.4,Basic,0
716,94,704.0,,0
717,38,153.2,Premium,0
718,20,211.8,Premium,0
719,82,41.7,Basic,1
720,41,704.8,Premium,0
721,74,635.7,Premium,0
722,57,75.6,Basic,0
723,18,202.7,,0
724,27,245.7,Premium,0
725,20,176.0,Basic,0
726,15,1134.9,Premium,0
727,8,174.1,Basic,0
728,147,161.0,Premium,1
729,51,47.1,Basic,0
730,57,129.5,Basic,1
731,88,647.9,Basic,0
732,26,390.4,Premium,0
733,12,391.0,Premium,0
734,70,136.4,Basic,0
735,14,580.6,Basic,0
736,69,492.2,Premium,0
737,10,178.1,Basic,0
738,13,140.5,Premium,0
739,24,240.1,Basic,0
740,67,116.2,Basic,0
741,119,218.8,Basic,1
742,57,280.2,Basic,0
743,25,184.2,Premium,1
744,78,20.3,Basic,1
745,10,346.8,Basic,0
746,19,189.0,Premium,0
747,44,278.4,Basic,0
748,71,226.4,Basic,0
749,35,1007.9,Premium,0
750,32,256.2,Basic,0
751,34,485.6,Basic,0
752,87,241.5,Premium,0
753,22,118.0,Basic,0
754,17,357.8,Basic,0
755,33,136.7,Basic,0
756,96,555.1,Premium,0
757,24,84.2,Basic,0
758,34,324.6,Basic,0
759,9,326.3,Premium,0
760,35,881.0,Premium,0
761,49,348.9,Basic,1
762,14,229.2,Basic,0
763,87,450.3,Basic,0
764,49,25.8,Premium,0
765,27,380.8,Basic,0
766,49,405.1,Basic,0
767,59,569.6,Premium,0
768,7,541.4,Premium,0
769,50,369.6,Basic,0
770,93,250.5,Premium,0
771,21,284.8,Basic,0
772,28,198.2,Premium,0
773,31,126.0,Basic,0
774,72,199.2,Basic,0
775,16,285.5,Premium,0
776,57,336.3,Basic,1
777,32,607.9,Basic,0
778,122,623.2,Premium,0
779,33,412.1,Premium,0
780,3,557.5,Basic,0
781,65,335.5,Premium,0
782,55,373.6,Basic,0
783,47,193.3,Basic,1
784,92,253.1,Basic,1
785,8,207.9,Basic,0
786,19,73.9,Premium,0
787,40,58.2,Basic,0
788,45,76.4,Basic,0
789,36,318.7,Basic,0
790,10,,Premium,0
791,28,556.2,Basic,0
792,117,376.4,Basic,0
793,15,167.6,Basic,0
794,40,122.7,Basic,0
795,57,278.2,,0
796,70,213.2,Premium,0
797,65,90.8,Premium,0
798,26,106.9,Basic,1
799,19,249.7,Premium,0
800,123,784.0,Premium,0
801,75,64.5,Premium,1
802,42,87.0,Basic,1
803,102,205.1,Basic,1
804,12,134.6,Basic,0
805,3,345.4,Basic,0
806,45,272.6,Premium,0
807,47,89.1,Premium,0
808,11,217.0,Premium,0
809,73,287.1,Basic,0
810,6,406.2,Basic,0
811,53,112.0,Premium,0
812,61,391.3,Premium,0
813,45,196.2,Basic,1
814,9,718.6,Premium,0
815,91,219.3,Premium,0
816,27,70.3,Basic,0
817,27,142.7,Basic,1
818,23,38.5,Basic,1
819,66,49.4,Basic,1
820,26,347.6,Basic,0
821,14,415.7,Premium,0
822,79,361.5,Basic,0
823,39,154.3,Basic,0
824,81,109.3,Basic,1
825,41,967.7,Basic,0
826,21,357.6,Premium,1
827,7,98.1,Basic,0
828,45,658.9,Basic,0
829,31,773.8,Premium,0
830,68,388.8,Basic,0
831,25,217.6,Basic,1
832,54,123.8,Basic,1
833,40,174.2,Basic,0
834,20,540.5,Basic,0
835,27,137.5,Basic,1
836,12,83.0,Basic,0
837,129,499.4,Premium,0
838,53,240.2,Basic,0
839,11,142.1,Basic,0
840,124,153.2,Basic,1
841,15,29.0,Basic,1
842,24,210.8,Premium,0
843,33,506.8,Basic,0
844,40,143.8,Premium,0
845,67,1071.6,Basic,0
846,5,244.0,Basic,0
847,41,64.4,Basic,0
848,32,382.1,Premium,0
849,46,110.3,Basic,0
850,31,390.6,Basic,0
851,28,565.0,Basic,0
852,36,581.1,Premium,0
853,120,439.8,Basic,0
854,28,226.8,Premium,0
855,88,113.1,Basic,1
856,44,358.8,Basic,0
857,43,120.9,Basic,0
858,46,179.4,Basic,1
859,57,125.0,Basic,0
860,30,138.4,Basic,0
861,84,492.8,Premium,0
862,57,131.4,Basic,1
863,13,384.1,Basic,0
864,3,562.9,Basic,0
865,118,158.0,Basic,1
866,47,94.7,Basic,0
867,11,487.6,Basic,0
868,28,307.7,Basic,0
869,75,166.7,Premium,0
870,35,243.3,Premium,0
871,37,326.9,Basic,0
872,66,56.2,Basic,1
873,51,725.7,Basic,0
874,60,460.4,Basic,0
875,65,247.8,Basic,0
876,22,701.4,Basic,0
877,24,813.4,Premium,0
878,20,274.3,Premium,0
879,25,,Basic,0
880,36,204.7,Basic,0
881,38,367.0,Basic,0
882,100,450.6,,0
883,49,38.3,Basic,0
884,37,329.7,Basic,0
885,16,426.7,Premium,0
886,31,206.4,Basic,0
887,123,337.1,Premium,1
888,122,47.5,Basic,1
889,31,80.6,Basic,0
890,8,120.8,Basic,0
891,28,481.6,Premium,0
892,101,756.0,Premium,0
893,36,459.2,Premium,0
894,66,270.1,Basic,0
895,40,533.9,Premium,0
896,10,13.2,Basic,0
897,41,549.6,Basic,0
898,72,289.3,Premium,0
899,25,503.1,Basic,0
900,71,392.2,Basic,1
901,43,128.1,Basic,0
902,68,295.8,Basic,0
903,51,138.2,Basic,0
904,17,344.0,Basic,0
905,32,784.3,Basic,0
906,31,448.7,Premium,0
907,24,159.9,Premium,0
908,48,460.8,Basic,0
909,138,117.0,Basic,1
910,84,565.7,Basic,0
911,92,98.6,Basic,1
912,22,515.3,Basic,0
913,93,161.8,Basic,0
914,114,371.2,Basic,0
915,22,464.1,Basic,0
916,55,293.2,Basic,1
917,56,177.4,Basic,0
918,33,392.0,Premium,0
919,45,289.3,Premium,0
920,58,253.7,Basic,0
921,35,73.1,Premium,0
922,81,402.8,Basic,0
923,13,372.8,Premium,0
924,31,54.4,Premium,0
925,67,186.8,Basic,0
926,129,25.2,Basic,1
927,85,258.1,Basic,1
928,45,363.2,Basic,0
929,36,142.5,Basic,0
930,32,133.7,Basic,0
931,32,179.0,Basic,0
932,7,172.9,Premium,0
933,125,146.6,Premium,0
934,39,35.0,Basic,0
935,21,129.2,Basic,0
936,55,58.2,Basic,0
937,22,548.2,Basic,0
938,76,800.2,Premium,0
939,21,348.2,Basic,0
940,69,529.6,Basic,0
941,32,119.9,Basic,0
942,50,360.9,Basic,0
943,73,460.4,Premium,0
944,26,396.5,Premium,0
945,71,174.7,Basic,0
946,7,244.1,Basic,0
947,108,296.1,Basic,0
948,80,378.2,Premium,0
949,38,138.6,Premium,0
950,90,590.1,Basic,0
951,84,259.2,Basic,1
952,40,547.6,Premium,0
953,40,155.0,Basic,0
954,18,447.8,Premium,0
955,42,272.8,Basic,0
956,10,117.1,Basic,0
957,68,247.0,Basic,1
958,69,192.4,Basic,1
959,7,208.6,Basic,0
960,101,616.8,Premium,0
961,24,225.7,Basic,0
962,215,454.8,Basic,1
963,48,368.4,Basic,0
964,102,267.7,Basic,1
965,18,493.2,Basic,0
966,32,466.7,Basic,0
967,26,348.6,Premium,0
968,10,283.5,Basic,0
969,13,496.9,Basic,0
970,36,385.0,Basic,0
971,53,761.8,Premium,0
972,16,288.7,Premium,0
973,30,117.3,Premium,0
974,22,138.7,Basic,0
975,38,38.5,Basic,0
976,65,131.0,Basic,0
977,44,382.1,Basic,0
978,25,224.9,Basic,0
979,82,116.2,Basic,0
980,52,158.1,Basic,1
981,45,305.2,Basic,0
982,16,214.4,Premium,0
983,76,205.6,Basic,0
984,56,60.1,Basic,0
985,58,701.8,Premium,0
986,34,592.4,Basic,0
987,29,158.4,Premium,0
988,126,186.8,Basic,0
989,29,33.3,Basic,1
990,13,662.9,Premium,0
991,46,102.3,Premium,0
992,40,310.1,Premium,0
993,84,100.9,Basic,0
994,36,242.7,Basic,0
995,63,445.1,Basic,0
996,106,366.7,Basic,1
997,54,502.0,Premium,0
998,17,70.3,Basic,0
999,55,304.0,Premium,0
1000,30,846.0,Basic,0
1001,49,292.1,Basic,1
1002,40,249.6,Basic,0
1003,13,259.5,Premium,0
1004,36,354.2,Premium,0
1005,16,314.7,,0
1006,27,976.2,Premium,0
1007,76,554.2,Premium,0
1008,43,,Premium,0
1009,61,411.7,Basic,1
1010,45,130.5,Basic,0
1011,32,239.2,Basic,0
1012,49,214.3,Premium,0
1013,8,510.4,Premium,0
1014,68,226.2,Basic,0
1015,20,350.4,Premium,0
1016,58,277.1,Premium,0
1017,31,315.3,Basic,0
1018,13,396.9,Basic,0
1019,23,771.7,Premium,0
1020,58,197.7,Basic,1
1021,153,138.3,Premium,1
1022,38,327.6,Basic,0
1023,141,107.5,Premium,1
1024,8,251.1,Premium,0
1025,33,81.4,Premium,0
1026,38,1292.6,Basic,0
1027,60,706.1,Premium,0
1028,24,661.9,Premium,0
1029,52,613.5,Basic,0
1030,34,613.4,Premium,0
1031,92,293.4,Basic,0
1032,46,299.5,Basic,0
1033,204,574.2,Basic,1
1034,35,599.9,Basic,0
1035,88,114.9,Basic,1
1036,108,287.8,Premium,0
1037,2,262.7,Basic,0
1038,68,626.4,Premium,0
1039,34,131.4,Basic,0
1040,15,119.3,Basic,0
1041,93,76.5,Basic,1
1042,25,217.5,Premium,0
1043,8,191.4,Basic,0
1044,47,688.2,Basic,0
1045,103,578.2,Premium,0
1046,15,481.7,Basic,0
1047,74,103.1,Basic,1
1048,5,211.4,Basic,0
1049,108,529.4,Premium,0
1050,54,277.0,Basic,0
1051,14,467.9,Premium,1
1052,70,77.8,Basic,1
1053,26,349.3,Premium,0
1054,18,549.3,Premium,0
1055,26,138.3,Premium,0
1056,65,46.4,Basic,0
1057,17,133.2,Premium,0
1058,3,569.2,Basic,0
1059,27,88.7,Basic,0
1060,96,253.1,Basic,0
1061,95,57.9,Premium,1
1062,26,155.0,Premium,0
1063,25,376.3,Premium,0
1064,24,248.8,Basic,0
1065,23,510.3,Basic,0
1066,24,434.7,Premium,0
1067,49,106.4,Basic,0
1068,98,208.9,Basic,1
1069,17,177.2,Basic,0
1070,20,25.0,Basic,0
1071,53,700.1,Basic,0
1072,67,257.4,Basic,0
1073,10,292.5,Basic,0
1074,122,398.3,Basic,1
1075,31,522.6,Premium,0
1076,11,432.0,Basic,0
1077,9,185.2,Basic,0
1078,9,218.5,Premium,0
1079,87,523.6,Basic,0
1080,43,925.2,Premium,0
1081,88,57.6,Premium,1
1082,37,510.8,Basic,0
1083,86,209.0,Basic,1
1084,36,307.8,Premium,0
1085,60,17.3,Premium,0
1086,39,252.8,Basic,0
1087,35,157.2,Basic,1
1088,19,21.7,Basic,0
1089,66,726.4,Premium,0
1090,15,290.0,Basic,0
1091,66,419.7,Premium,0
1092,44,555.6,Basic,0
1093,67,407.2,Basic,0
1094,47,74.5,Basic,0
1095,93,473.0,Basic,1
1096,56,56.3,Basic,1
1097,45,385.4,Basic,0
1098,3,811.7,Basic,0
1099,95,504.2,Premium,1
1100,9,191.5,Basic,0
1101,12,793.3,Basic,0
1102,72,,Premium,0
1103,42,142.2,Premium,0
1104,9,191.2,Premium,0
1105,25,185.9,Premium,0
1106,92,916.5,Basic,0
1107,46,383.2,Basic,1
1108,42,510.8,Premium,0
1109,23,452.4,Premium,0
1110,74,305.2,Basic,0
1111,38,220.9,Premium,0
1112,64,87.2,Basic,0
1113,21,326.1,Basic,0
1114,153,777.6,Basic,1
1115,103,314.1,Basic,1
1116,46,594.3,Basic,0
1117,54,42.8,Basic,1
1118,25,409.8,Premium,0
1119,68,161.0,Basic,1
1120,4,104.2,Basic,0
1121,121,871.5,Premium,0
1122,65,232.6,Premium,0
1123,17,497.4,Premium,0
1124,119,299.9,Premium,1
1125,145,96.5,Premium,1
1126,56,421.0,Basic,1
1127,21,189.5,Basic,0
1128,43,465.9,Basic,0
1129,62,120.1,Basic,0
1130,52,163.5,Basic,0
1131,17,484.2,Premium,0
1132,61,128.9,Basic,0
1133,91,416.1,Basic,1
1134,13,33.4,Basic,0
1135,15,115.0,Premium,0
1136,24,265.9,Basic,0
1137,35,511.5,Premium,0
1138,75,275.2,Basic,0
1139,90,361.5,Basic,0
1140,20,180.4,Basic,1
1141,48,39.2,Premium,0
1142,88,199.4,Basic,1
1143,159,264.0,Premium,1
1144,48,561.0,Basic,0
1145,50,410.3,Basic,0
1146,56,124.7,Premium,0
1147,32,27.1,Premium,0
1148,46,298.5,Premium,0
1149,5,208.1,Premium,0
1150,25,960.9,Premium,0
1151,60,744.6,,0
1152,19,96.4,Premium,0
1153,76,522.1,Premium,0
1154,7,465.5,Premium,0
1155,74,348.3,Basic,0
1156,74,1589.3,Premium,0
1157,161,235.5,Basic,1
1158,31,567.4,Premium,0
1159,42,623.5,Premium,0
1160,113,327.4,Basic,1
1161,104,952.4,Premium,0
1162,84,293.4,Basic,0
1163,54,462.3,Basic,0
1164,111,185.3,Premium,0
1165,198,87.8,Basic,1
1166,64,481.7,Premium,0
1167,43,318.2,Premium,0
1168,70,255.6,Basic,0
1169,48,195.5,Basic,0
1170,33,455.3,,0
1171,76,289.5,Basic,0
1172,28,1288.5,,0
1173,63,282.4,Basic,0
1174,9,339.0,Basic,0
1175,125,494.9,Basic,1
1176,21,368.7,Basic,0
1177,12,119.0,Premium,0
1178,101,217.7,Basic,1
1179,114,174.4,Premium,1
1180,53,355.2,Basic,0
1181,39,402.8,Premium,0
1182,32,473.9,Basic,0
1183,51,519.0,Basic,0
1184,40,174.2,Premium,0
1185,37,511.9,Basic,0
1186,19,736.8,Premium,0
1187,15,143.4,Premium,0
1188,45,339.4,Basic,0
1189,50,638.7,Basic,0
1190,23,279.5,Premium,0
1191,25,256.8,Basic,0
1192,50,337.8,Basic,0
1193,19,285.5,Basic,0
1194,86,299.5,Basic,0
1195,61,404.6,Basic,0
1196,22,540.7,Premium,0
1197,59,325.0,Premium,0
1198,19,1016.9,Premium,0
1199,74,173.7,Premium,0
1200,20,464.1,Basic,0
1201,38,28.9,Premium,0
1202,47,270.4,Basic,0
1203,113,16.8,Basic,1
1204,21,284.3,Basic,0
1205,20,365.3,Basic,0
1206,10,259.8,Premium,0
1207,136,343.6,Premium,1
1208,43,437.7,Basic,0
1209,88,2.0,Basic,1
1210,26,224.9,Premium,0
1211,28,651.6,Basic,0
1212,40,89.4,Basic,0
1213,41,148.0,Basic,0
1214,68,41.9,Premium,1
1215,44,226.7,Premium,0
1216,31,240.0,Basic,1
1217,137,1193.2,Basic,0
1218,19,453.2,Premium,0
1219,21,235.8,Premium,0
1220,19,57.4,Basic,0
1221,70,193.8,Premium,1
1222,58,124.0,Basic,0
1223,37,25.3,Basic,0
1224,19,112.6,Premium,0
1225,46,186.5,Basic,0
1226,77,209.8,Basic,0
1227,116,432.1,Basic,1
1228,25,671.7,Basic,0
1229,37,267.8,Premium,0
1230,57,475.0,Basic,0
1231,31,236.1,Premium,0
1232,12,114.3,Basic,0
1233,37,417.0,Basic,0
1234,14,179.1,Basic,0
1235,81,167.3,Premium,0
1236,33,109.2,Basic,0
1237,40,64.6,Premium,1
1238,22,263.7,Basic,0
1239,41,201.8,Premium,0
1240,98,487.7,Basic,1
1241,87,1028.4,Premium,0
1242,16,141.2,Premium,0
1243,1,90.0,Premium,0
1244,37,890.9,Premium,0
1245,33,370.0,Premium,0
1246,31,276.8,Basic,0
1247,26,326.1,Basic,0
1248,15,547.8,Basic,0
1249,168,708.8,Premium,1
1250,136,403.0,Basic,0
1251,30,115.5,Premium,0
1252,46,38.6,Basic,0
1253,82,89.7,Basic,1
1254,46,54.0,Basic,0
1255,28,569.0,Premium,0
1256,12,146.2,Basic,0
1257,42,396.9,Basic,0
1258,14,253.5,Basic,0
1259,94,144.3,Basic,1
1260,41,110.6,Basic,0
1261,61,135.4,Basic,1
1262,32,91.4,Premium,0
1263,75,805.6,Basic,0
1264,24,231.6,Basic,0
1265,52,253.7,Basic,0
1266,31,248.5,Basic,0
1267,35,429.9,Basic,0
1268,81,124.4,Basic,0
1269,22,567.3,Basic,0
1270,54,193.8,Basic,0
1271,101,243.8,Premium,1
1272,79,817.4,Premium,0
1273,25,159.4,Premium,0
1274,60,340.7,Basic,0
1275,7,246.9,Basic,0
1276,83,143.5,Basic,0
1277,198,381.6,Basic,1
1278,52,107.4,Premium,0
1279,105,142.4,Basic,1
1280,12,270.0,Basic,0
1281,17,726.8,Basic,0
1282,32,887.0,Premium,0
1283,37,344.5,Basic,0
1284,52,197.5,Basic,0
1285,25,28.8,Basic,0
1286,46,478.6,Basic,0
1287,81,527.6,Basic,0
1288,60,341.0,Basic,0
1289,31,204.9,Basic,0
1290,70,449.1,Basic,0
1291,30,241.5,Basic,1
1292,44,219.3,Basic,1
1293,78,54.1,Basic,1
1294,36,562.1,Premium,0
1295,14,361.1,Premium,0
1296,44,679.9,,0
1297,79,152.4,Basic,0
1298,84,115.4,Basic,1
1299,16,524.0,Basic,0
1300,69,784.8,Premium,0
1301,34,253.2,Basic,0
1302,109,602.2,Premium,0
1303,14,193.3,Basic,0
1304,68,201.9,Basic,1
1305,31,445.0,Premium,0
1306,25,259.8,Premium,0
1307,81,396.7,Premium,1
1308,90,353.9,Premium,0
1309,5,92.0,Basic,0
1310,82,395.1,Premium,0
1311,39,94.7,Basic,0
1312,43,569.0,Premium,0
1313,13,530.2,Basic,0
1314,65,287.3,Premium,0
1315,171,730.0,Basic,1
1316,27,596.1,Basic,0
1317,95,307.7,Basic,1
1318,41,263.9,Premium,0
1319,28,498.8,Basic,0
1320,11,739.2,Basic,0
1321,105,326.0,Basic,1
1322,45,168.5,Basic,0
1323,29,530.4,Premium,0
1324,33,251.3,Basic,0
1325,68,143.6,Premium,0
1326,29,181.8,Basic,0
1327,18,528.4,Basic,0
1328,38,299.7,Premium,0
1329,37,211.1,Premium,0
1330,37,616.1,Basic,0
1331,29,517.7,Basic,0
1332,98,244.3,Premium,0
1333,211,848.5,Basic,1
1334,16,311.2,Premium,0
1335,4,425.2,Premium,0
1336,35,350.5,Premium,0
1337,5,126.4,Basic,0
1338,10,292.5,Premium,0
1339,27,248.2,Basic,0
1340,68,40.7,Basic,1
1341,34,315.2,Basic,0
1342,3,473.6,Basic,0
1343,34,124.6,Premium,0
1344,36,540.8,Premium,0
1345,36,711.4,Premium,0
1346,88,227.8,Basic,0
1347,78,838.7,Basic,0
1348,44,309.6,Basic,0
1349,150,50.2,Premium,1
1350,27,79.5,Basic,0
1351,38,416.1,Premium,0
1352,41,400.7,Basic,0
1353,11,265.4,Basic,0
1354,42,398.1,Premium,1
1355,9,271.4,Basic,0
1356,24,194.6,Premium,0
1357,46,353.6,Premium,0
1358,12,59.1,Basic,0
1359,53,195.1,Basic,0
1360,21,381.2,Basic,0
1361,31,155.5,Premium,0
1362,60,209.3,Basic,0
1363,39,286.4,Basic,0
1364,52,806.2,Basic,0
1365,58,669.9,Premium,0
1366,39,56.8,Basic,0
1367,55,1217.9,Premium,0
1368,23,838.8,Premium,0
1369,60,300.4,Basic,0
1370,35,457.2,Basic,0
1371,99,175.8,Premium,0
1372,46,249.1,Basic,0
1373,26,166.6,Premium,0
1374,60,397.7,Basic,0
1375,102,1128.1,Basic,0
1376,28,242.8,Premium,0
1377,24,228.9,Basic,0
1378,1,255.8,Basic,0
1379,46,195.2,Basic,0
1380,32,381.7,Basic,0
1381,60,542.8,Basic,0
1382,61,161.1,Basic,0
1383,11,329.3,Premium,0
1384,78,418.1,Basic,0
1385,22,153.6,Premium,0
1386,28,85.3,Basic,0
1387,53,206.1,Premium,0
1388,15,433.1,Basic,0
1389,25,146.6,Premium,0
1390,14,167.8,Basic,0
1391,83,255.1,Basic,1
1392,31,288.3,Basic,0
1393,13,229.2,Basic,0
1394,14,259.5,Basic,0
1395,74,64.7,Basic,1
1396,20,199.1,Premium,0
1397,28,456.3,Basic,0
1398,43,142.9,Basic,0
1399,32,294.3,Basic,0
1400,6,355.2,Premium,0
1401,65,424.2,Basic,0
1402,34,468.2,Basic,0
1403,52,559.9,Basic,0
1404,68,881.0,Premium,0
1405,5,148.4,Premium,0
1406,69,30.7,Basic,0
1407,186,243.6,Premium,1
1408,56,138.4,Premium,1
1409,100,128.5,Basic,1
1410,81,481.9,Premium,0
1411,67,537.5,Basic,0
1412,83,300.1,Basic,1
1413,93,148.1,Basic,1
1414,95,311.3,Basic,0
1415,14,434.6,Basic,0
1416,86,84.8,Premium,0
1417,34,198.3,Basic,0
1418,97,212.1,Basic,1
1419,60,224.3,Basic,0
1420,13,156.8,Premium,0
1421,107,316.8,Basic,1
1422,22,339.0,Basic,0
1423,33,112.0,Basic,0
1424,124,627.7,Basic,0
1425,47,114.4,Premium,0
1426,31,186.6,Premium,0
1427,39,80.0,Basic,1
1428,31,89.0,Premium,0
1429,74,,Basic,1
1430,32,186.1,Premium,0
1431,40,470.2,Basic,0
1432,63,121.9,Basic,0
1433,58,144.8,Basic,1
1434,23,555.7,Premium,0
1435,74,96.8,Basic,1
1436,27,173.1,Basic,0
1437,17,620.6,Basic,0
1438,7,17.8,Premium,0
1439,36,65.4,Basic,1
1440,9,903.7,Premium,0
1441,20,446.7,Premium,0
1442,41,315.7,Basic,0
1443,91,85.2,Premium,1
1444,33,270.0,Basic,0
1445,11,148.1,Premium,0
1446,38,479.0,Basic,0
1447,89,643.2,Premium,0
1448,33,203.6,Premium,0
1449,102,471.5,Premium,0
1450,41,425.9,Premium,0
1451,69,227.2,Basic,0
1452,49,117.7,Basic,0
1453,99,226.0,,0
1454,156,466.0,Basic,1
1455,28,626.9,Basic,0
1456,47,243.5,Premium,0
1457,91,872.4,Premium,0
1458,50,447.0,Premium,0
1459,6,233.3,Basic,0
1460,33,276.4,Premium,0
1461,50,124.4,Basic,0
1462,117,496.0,Premium,0
1463,45,749.8,Basic,0
1464,19,293.7,Premium,0
1465,51,136.2,Premium,1
1466,109,427.3,Basic,0
1467,25,233.5,Premium,0
1468,27,122.8,Basic,0
1469,25,80.9,Premium,0
1470,12,484.4,Premium,0
1471,44,559.4,Basic,0
1472,40,107.3,Premium,0
1473,7,254.3,Premium,0
1474,21,210.2,Basic,0
1475,48,130.7,Basic,0
1476,68,856.2,Premium,0
1477,81,77.0,Premium,0
1478,72,450.4,Premium,0
1479,42,514.9,Premium,0
1480,10,129.9,Basic,0
1481,35,133.9,Premium,0
1482,2,150.0,Basic,0
1483,48,38.5,Basic,1
1484,24,160.8,Basic,0
1485,4,179.8,Basic,0
1486,55,854.5,Basic,0
1487,109,46.6,Basic,1
1488,9,291.7,Premium,0
1489,58,435.5,Basic,1
1490,30,765.0,Basic,0
1491,22,53.3,Basic,0
1492,22,838.7,Basic,0
1493,30,194.9,Basic,0
1494,30,196.2,Basic,0
1495,40,84.2,Basic,0
1496,20,343.2,Premium,0
1497,24,841.2,Basic,0
1498,62,260.0,Basic,1
1499,18,118.5,Basic,0
1500,51,184.1,Premium,0
1501,32,147.7,Basic,0
1502,26,693.8,Basic,0
1503,132,799.5,Basic,1
1504,13,59.0,Basic,0
1505,114,90.8,Basic,1
1506,75,101.6,Basic,0
1507,24,155.5,Basic,0
1508,76,904.5,Basic,0
1509,1,830.0,Basic,0
1510,22,323.4,Premium,0
1511,18,224.2,Premium,0
1512,55,36.2,Premium,0
1513,69,379.8,Premium,0
1514,55,267.7,Basic,0
1515,46,81.0,Basic,1
1516,80,338.4,Basic,0
1517,72,485.0,Basic,0
1518,24,103.9,Premium,0
1519,26,163.1,Basic,0
1520,69,608.2,Premium,0
1521,40,134.8,Basic,0
1522,42,204.3,Premium,0
1523,46,166.2,Basic,1
1524,7,350.1,Basic,0
1525,23,533.1,Basic,0
1526,59,733.4,Basic,0
1527,23,506.3,Basic,0
1528,34,246.8,Basic,1
1529,59,514.9,Premium,0
1530,83,74.4,Basic,0
1531,90,983.3,Basic,0
1532,93,123.3,Basic,1
1533,37,487.3,Premium,0
1534,34,278.6,Basic,0
1535,14,66.6,Basic,0
1536,109,124.0,Basic,1
1537,33,557.7,Basic,0
1538,107,288.8,Premium,0
1539,52,105.5,Basic,0
1540,85,195.8,Basic,1
1541,39,137.1,Premium,0
1542,63,155.7,Basic,0
1543,87,51.2,Basic,1
1544,28,246.7,Basic,0
1545,93,359.6,Premium,0
1546,16,157.8,Basic,0
1547,130,722.5,Premium,0
1548,47,165.9,Basic,0
1549,23,222.0,Basic,0
1550,74,149.7,Basic,0
1551,53,233.5,Premium,0
1552,7,408.4,Basic,0
1553,30,99.9,Premium,0
1554,17,436.8,Premium,0
1555,18,133.9,Basic,0
1556,18,80.3,Basic,0
1557,61,184.6,Basic,0
1558,78,372.1,Basic,0
1559,22,235.5,Premium,0
1560,5,142.2,Premium,0
1561,150,810.4,Basic,0
1562,47,303.7,Basic,0
1563,74,329.8,Premium,0
1564,36,364.1,Basic,0
1565,4,510.5,Premium,0
1566,56,164.0,Basic,1
1567,121,583.4,Premium,0
1568,24,63.8,Basic,0
1569,3,,Basic,0
1570,14,173.0,Basic,1
1571,77,568.0,Basic,1
1572,53,163.1,Basic,0
1573,94,647.3,Premium,0
1574,42,404.2,Premium,0
1575,68,435.9,Basic,0
1576,29,258.0,Basic,0
1577,15,43.7,Basic,0
1578,68,539.6,Basic,0
1579,78,564.3,Basic,0
1580,25,187.1,Basic,0
1581,114,138.3,Basic,1
1582,116,461.8,Basic,1
1583,18,307.0,Basic,0
1584,19,216.2,Basic,0
1585,20,456.5,Premium,0
1586,38,186.6,Basic,0
1587,31,726.2,Premium,0
1588,12,199.1,Basic,0
1589,20,461.9,Basic,0
1590,4,335.0,Premium,0
1591,5,419.2,Premium,0
1592,10,1031.4,Premium,0
1593,145,167.5,Basic,1
1594,133,440.5,Basic,1
1595,71,875.2,Premium,0
1596,25,429.1,Basic,0
1597,10,580.7,Basic,0
1598,41,278.5,Basic,0
1599,58,412.5,Basic,0
1600,22,645.1,,0
1601,55,253.5,Basic,0
1602,14,123.0,Basic,1
1603,26,104.7,Basic,0
1604,34,734.4,Basic,0
1605,136,655.0,Basic,0
1606,20,141.1,Basic,0
1607,57,580.5,Basic,0
1608,17,459.7,Premium,0
1609,15,260.1,Basic,0
1610,22,137.1,Basic,0
1611,42,301.8,Premium,0
1612,124,149.1,Premium,1
1613,25,202.5,Basic,0
1614,78,112.1,Basic,1
1615,140,71.9,Basic,1
1616,51,767.7,Premium,0
1617,88,287.3,Premium,0
1618,21,430.1,Premium,0
1619,56,160.4,Basic,0
1620,67,276.7,Premium,0
1621,12,108.9,Basic,0
1622,19,738.9,Basic,0
1623,33,475.0,Basic,0
1624,22,205.2,Premium,0
1625,36,108.5,Basic,1
1626,10,85.8,Premium,0
1627,131,278.0,Basic,1
1628,84,434.2,Basic,0
1629,291,403.2,Basic,1
1630,13,177.0,Basic,0
1631,58,274.9,Premium,0
1632,22,105.6,Basic,0
1633,15,159.7,Premium,0
1634,80,,Premium,0
1635,43,57.4,Premium,0
1636,31,37.9,Basic,0
1637,52,141.2,Basic,0
1638,20,732.9,,0
1639,19,332.8,Premium,0
1640,23,1432.4,Premium,0
1641,92,192.6,Basic,0
1642,87,537.4,Premium,0
1643,12,535.3,Basic,0
1644,128,974.0,Basic,0
1645,41,152.2,Basic,1
1646,57,,Premium,0
1647,23,217.3,Basic,0
1648,42,569.7,Premium,0
1649,15,884.1,Premium,0
1650,21,882.4,Premium,0
1651,76,149.3,Basic,0
1652,77,,Basic,1
1653,59,405.3,Basic,0
1654,29,93.6,Basic,0
1655,12,445.8,Basic,0
1656,99,329.4,Premium,0
1657,81,607.4,Basic,0
1658,6,542.6,Basic,0
1659,78,278.9,Basic,1
1660,31,86.0,Basic,0
1661,69,93.4,Basic,1
1662,10,263.6,Basic,0
1663,24,465.5,Premium,0
1664,45,195.6,Basic,0
1665,131,147.2,Premium,1
1666,45,261.5,Premium,0
1667,89,610.6,Basic,1
1668,50,261.5,Premium,0
1669,48,153.8,Basic,0
1670,62,117.9,Premium,0
1671,40,240.0,Basic,0
1672,74,710.4,Premium,0
1673,16,734.0,Premium,0
1674,40,166.5,Premium,0
1675,139,364.7,Premium,1
1676,92,139.3,Basic,1
1677,53,187.8,Basic,0
1678,83,236.6,Basic,1
1679,115,168.3,Basic,1
1680,5,962.5,Premium,0
1681,33,152.9,Basic,0
1682,24,185.5,Premium,0
1683,11,127.4,Basic,0
1684,152,78.9,Premium,1
1685,64,755.3,Basic,0
1686,81,324.1,Premium,0
1687,24,469.7,Premium,0
1688,33,327.8,Basic,0
1689,42,164.2,Basic,0
1690,56,323.3,Premium,0
1691,72,421.2,Basic,1
1692,69,68.5,Basic,1
1693,35,185.0,Basic,0
1694,118,211.8,Basic,1
1695,102,159.9,Basic,1
1696,52,157.3,Basic,1
1697,43,286.1,Basic,0
1698,32,631.2,Basic,0
1699,56,453.8,Premium,0
1700,99,124.4,Basic,1
1701,43,1627.6,Premium,0
1702,26,635.3,Basic,0
1703,43,169.7,Basic,0
1704,53,641.8,Basic,0
1705,15,291.0,Basic,0
1706,11,88.6,Basic,0
1707,27,587.4,Basic,0
1708,118,124.5,Basic,1
1709,95,360.8,Basic,1
1710,9,363.2,Premium,0
1711,18,382.9,Basic,0
1712,72,794.0,Basic,0
1713,30,319.7,Premium,0
1714,58,87.4,Basic,1
1715,9,140.3,Basic,0
1716,42,105.9,Premium,0
1717,39,58.2,Basic,0
1718,81,699.9,Premium,0
1719,56,353.7,Premium,0
1720,46,224.1,Basic,0
1721,7,173.0,Basic,0
1722,142,454.0,Basic,1
1723,68,691.6,,0
1724,23,121.2,Basic,0
1725,46,455.8,Premium,0
1726,30,512.5,Basic,0
1727,35,301.0,Basic,0
1728,94,556.8,Premium,0
1729,18,112.3,Premium,0
1730,70,704.6,Basic,0
1731,97,455.5,Basic,0
1732,62,376.4,Basic,0
1733,37,487.9,Basic,0
1734,21,196.8,Basic,0
1735,24,102.4,Basic,0
1736,46,106.7,Premium,0
1737,43,70.2,Basic,1
1738,76,347.0,Basic,0
1739,10,179.3,Basic,0
1740,93,675.2,Basic,0
1741,205,757.4,Premium,1
1742,40,589.4,Premium,0
1743,35,501.3,Premium,0
1744,38,139.8,Basic,0
1745,45,162.7,Basic,0
1746,33,139.2,Basic,0
1747,5,99.3,Basic,0
1748,37,229.6,Basic,0
1749,47,660.1,Premium,0
1750,100,218.1,Basic,1
1751,18,133.1,Basic,0
1752,128,218.3,Basic,1
1753,31,284.5,Basic,0
1754,20,167.1,Basic,0
1755,68,300.3,Premium,0
1756,28,,Premium,0
1757,40,88.4,Premium,0
1758,42,28.4,Basic,0
1759,65,269.4,Basic,0
1760,39,335.6,Basic,0
1761,36,222.1,Basic,0
1762,30,139.8,Premium,0
1763,61,667.1,Basic,0
1764,27,257.4,Basic,0
1765,102,278.9,Basic,0
1766,43,,Basic,0
1767,8,279.4,Premium,0
1768,52,199.5,Basic,1
1769,59,667.1,Basic,0
1770,103,48.6,Basic,0
1771,22,322.7,Basic,0
1772,19,392.6,Premium,0
1773,67,231.0,Premium,0
1774,92,289.1,Premium,0
1775,21,816.5,Premium,0
1776,51,124.1,Basic,0
1777,40,555.9,Premium,0
1778,22,251.4,Basic,0
1779,38,396.0,Basic,0
1780,87,441.7,Premium,0
1781,43,26.3,Basic,1
1782,36,157.9,Premium,0
1783,64,138.6,Basic,0
1784,93,106.5,Basic,1
1785,18,200.7,Premium,0
1786,53,362.0,Premium,0
1787,31,478.2,Basic,0
1788,43,77.5,Basic,1
1789,68,254.2,Basic,1
1790,33,310.3,Basic,0
1791,39,542.7,Basic,0
1792,83,934.6,Premium,0
1793,58,213.8,Basic,1
1794,38,141.4,Premium,0
1795,46,325.7,Basic,0
1796,44,113.5,Basic,0
1797,7,398.1,Premium,0
1798,47,132.8,Basic,0
1799,13,364.3,Basic,0
1800,91,141.0,Basic,0
1801,12,877.0,Premium,0
1802,30,327.8,Premium,0
1803,25,54.4,Basic,1
1804,115,488.0,Basic,1
1805,89,216.4,Basic,1
1806,3,499.7,Premium,0
1807,41,642.8,Premium,0
1808,15,262.6,Basic,0
1809,47,72.6,Basic,1
1810,67,281.4,Basic,0
1811,50,798.9,Premium,0
1812,70,301.6,Premium,0
1813,34,340.3,Basic,0
1814,51,125.1,Basic,0
1815,68,60.7,Basic,1
1816,29,286.0,Premium,0
1817,20,256.8,Basic,0
1818,24,695.7,Premium,0
1819,38,269.5,Basic,0
1820,42,506.8,Basic,0
1821,53,175.4,Basic,1
1822,22,70.6,Basic,0
1823,69,354.4,Basic,0
1824,132,856.6,Premium,0
1825,26,155.8,Basic,0
1826,182,392.7,Basic,1
1827,144,403.1,Basic,1
1828,42,276.3,Premium,0
1829,37,540.6,Premium,0
1830,24,324.9,Basic,0
1831,77,540.9,Premium,0
1832,44,368.3,Basic,0
1833,48,234.3,Basic,0
1834,20,333.2,Premium,0
1835,78,682.9,Premium,0
1836,35,365.3,Premium,0
1837,16,138.6,Basic,0
1838,40,215.3,Basic,0
1839,21,441.3,Premium,0
1840,103,502.8,Basic,1
1841,143,59.9,Basic,1
1842,40,206.3,Basic,0
1843,87,477.1,Basic,0
1844,85,123.7,Basic,1
1845,1,161.5,Premium,0
1846,24,253.9,Basic,0
1847,46,55.2,Basic,0
1848,30,779.3,Basic,0
1849,23,437.3,Premium,0
1850,89,391.7,Basic,0
1851,29,550.1,Basic,0
1852,54,1397.8,Premium,0
1853,84,305.5,Premium,0
1854,107,76.8,Premium,0
1855,16,409.6,Premium,0
1856,18,130.6,Basic,0
1857,49,117.1,Premium,0
1858,5,168.7,Basic,0
1859,18,301.0,Premium,0
1860,96,723.9,Premium,0
1861,66,1030.7,Premium,0
1862,38,132.1,Premium,0
1863,59,178.9,Basic,0
1864,69,379.3,Basic,0
1865,11,542.2,Premium,0
1866,28,146.3,Premium,0
1867,105,477.6,Basic,0
1868,50,138.0,Basic,0
1869,52,108.5,Basic,1
1870,40,478.2,Premium,0
1871,7,737.2,Premium,0
1872,25,315.0,Basic,0
1873,56,277.4,Basic,0
1874,29,305.6,Premium,0
1875,17,345.5,Premium,0
1876,19,210.6,Basic,0
1877,106,375.6,Basic,0
1878,27,266.0,Basic,0
1879,92,1032.4,Basic,0
1880,52,324.6,Basic,0
1881,35,274.1,Premium,0
1882,22,133.9,Premium,0
1883,67,115.4,Basic,1
1884,85,434.9,Premium,1
1885,72,161.3,Basic,0
1886,12,288.0,,0
1887,27,589.5,Basic,0
1888,30,84.4,Basic,0
1889,5,288.5,Premium,0
1890,59,80.3,Premium,0
1891,65,296.3,Basic,0
1892,63,69.0,Basic,0
1893,56,107.2,Premium,0
1894,32,734.1,Basic,0
1895,21,148.0,Basic,0
1896,32,140.7,Premium,0
1897,53,586.8,Basic,1
1898,98,107.5,Basic,1
1899,44,320.7,Basic,0
1900,43,425.7,Premium,0
1901,6,456.2,Basic,0
1902,55,92.1,Basic,0
1903,103,160.1,Premium,0
1904,38,149.5,Basic,1
1905,36,166.7,Premium,0
1906,31,435.3,Basic,0
1907,69,426.2,Premium,0
1908,6,365.0,Basic,0
1909,93,58.4,Basic,1
1910,35,290.8,Basic,0
1911,56,651.0,Basic,0
1912,72,1230.8,Premium,0
1913,19,222.5,Premium,0
1914,41,462.9,Basic,0
1915,34,126.0,Basic,0
1916,15,79.0,Premium,0
1917,84,84.3,Premium,0
1918,32,592.8,Basic,0
1919,14,181.8,Basic,0
1920,43,153.6,Basic,0
1921,11,552.0,Premium,0
1922,29,79.6,Basic,0
1923,52,353.3,Basic,0
1924,9,210.3,Basic,0
1925,66,1154.2,Premium,0
1926,45,177.6,Basic,0
1927,73,223.2,Basic,0
1928,72,63.9,Basic,1
1929,28,978.9,Basic,0
1930,29,187.8,Basic,0
1931,59,757.0,Basic,0
1932,16,45.4,Basic,0
1933,16,307.3,Basic,0
1934,25,911.2,Basic,0
1935,12,192.9,Premium,0
1936,14,379.9,Premium,0
1937,14,606.4,Basic,0
1938,32,246.8,Premium,0
1939,31,61.7,Basic,0
1940,80,167.7,Basic,1
1941,33,310.4,Basic,0
1942,39,307.8,Basic,0
1943,126,530.9,Premium,0
1944,3,157.5,Premium,0
1945,48,1123.6,Premium,0
1946,35,124.8,Basic,1
1947,52,265.8,,0
1948,26,318.8,Basic,0
1949,32,296.7,Basic,1
1950,95,92.7,Basic,1
1951,58,616.3,Basic,0
1952,34,161.0,Basic,0
1953,21,339.6,Basic,0
1954,16,377.3,Premium,0
1955,28,376.1,Premium,0
1956,36,73.1,Premium,0
1957,126,149.7,Basic,1
1958,46,337.3,Basic,0
1959,24,59.6,Basic,0
1960,3,272.5,Premium,0
1961,21,271.2,Basic,0
1962,28,394.2,Basic,0
1963,49,347.0,Premium,0
1964,28,215.1,Basic,0
1965,130,300.5,Basic,1
1966,34,204.8,Basic,1
1967,82,117.3,Basic,0
1968,9,166.2,Basic,0
1969,39,334.2,Basic,0
1970,21,216.6,Basic,0
1971,84,1165.7,Basic,0
1972,30,115.5,Premium,0
1973,97,326.6,,1
1974,65,365.0,Basic,1
1975,27,262.1,Basic,0
1976,16,252.6,Premium,0
1977,22,245.7,Basic,0
1978,32,247.0,Basic,0
1979,65,909.1,Premium,0
1980,40,53.1,Premium,0
1981,73,114.7,Basic,0
1982,102,392.5,Premium,0
1983,42,513.8,Basic,0
1984,17,121.4,Basic,0
1985,54,94.7,Basic,1
1986,139,223.4,Basic,1
1987,76,150.1,Premium,0
1988,51,224.7,Basic,0
1989,19,117.5,Basic,0
1990,35,518.4,Premium,0
1991,9,156.7,Premium,0
1992,15,49.9,Basic,0
1993,55,399.8,Basic,0
1994,7,249.7,Basic,0
1995,31,231.0,Premium,0
1996,13,236.4,Premium,0
1997,16,353.2,Premium,0
1998,43,94.9,Basic,0
1999,22,69.0,Basic,0
2000,11,120.2,Basic,0
2001,26,194.8,Basic,0
2002,10,111.8,Basic,0
2003,93,905.5,Premium,0
2004,67,120.3,Basic,0
2005,67,257.1,Basic,0
2006,20,454.3,Premium,0
2007,56,558.7,Basic,0
2008,47,1000.7,Premium,0
2009,22,969.3,Basic,0
2010,38,540.5,Basic,0
2011,9,484.8,Basic,0
2012,16,100.9,Basic,0
2013,38,473.5,Premium,0
2014,27,203.5,Basic,0
2015,52,205.2,Basic,0
2016,22,178.6,Basic,0
2017,31,98.8,Basic,0
2018,40,202.5,Premium,0
2019,21,114.7,Basic,0
2020,30,53.1,Premium,0
2021,47,802.4,Premium,0
2022,111,253.2,Basic,1
2023,21,339.4,Premium,0
2024,27,235.8,Basic,0
2025,75,511.7,Basic,0
2026,88,279.4,Basic,1
2027,60,819.8,Premium,0
2028,87,507.7,Premium,0
2029,20,133.9,Basic,1
2030,81,738.0,Premium,0
2031,69,317.2,Basic,0
2032,15,231.7,Basic,0
2033,31,471.8,Basic,0
2034,4,331.8,Premium,0
2035,45,414.5,Basic,0
2036,80,84.9,Basic,0
2037,26,259.6,Basic,0
2038,17,141.9,Basic,0
2039,16,947.2,Basic,0
2040,40,601.7,Basic,0
2041,59,379.5,Premium,0
2042,112,564.8,Basic,0
2043,4,144.1,Basic,0
2044,104,172.3,Basic,1
2045,46,41.6,Premium,0
2046,78,519.7,Premium,0
2047,66,27.8,,0
2048,42,205.4,Premium,1
2049,40,82.3,Basic,0
2050,53,503.2,Basic,0
2051,33,887.3,Basic,0
2052,35,445.2,Basic,0
2053,61,392.2,Basic,0
2054,21,382.7,Premium,0
2055,83,358.3,Premium,0
2056,78,159.7,Premium,0
2057,28,57.3,Basic,0
2058,62,271.3,Basic,1
2059,56,416.2,Premium,0
2060,25,318.7,Basic,0
2061,65,352.7,Basic,0
2062,109,421.0,Basic,1
2063,85,341.4,Premium,0
2064,11,112.3,Basic,0
2065,58,344.3,Basic,0
2066,76,523.6,Premium,0
2067,24,197.5,Basic,0
2068,83,403.7,Basic,0
2069,22,273.5,Basic,0
2070,33,97.8,Basic,0
2071,22,1413.4,Premium,0
2072,19,189.7,Basic,1
2073,53,104.8,Basic,0
2074,12,182.7,Premium,0
2075,34,24.8,Premium,0
2076,53,263.0,Premium,0
2077,23,622.5,Basic,0
2078,92,291.0,Basic,1
2079,36,167.9,Premium,0
2080,120,314.2,Premium,1
2081,10,243.3,Basic,1
2082,55,193.7,Basic,1
2083,47,481.7,Basic,0
2084,30,419.8,Premium,0
2085,42,109.5,Basic,0
2086,61,472.5,Basic,0
2087,69,583.4,Basic,0
2088,37,429.6,Premium,0
2089,55,272.9,Premium,0
2090,21,162.3,Basic,0
2091,70,933.2,Premium,0
2092,105,405.4,Premium,0
2093,74,268.8,Basic,0
2094,22,88.6,Basic,1
2095,18,119.5,Basic,0
2096,170,86.6,Premium,1
2097,100,207.6,Basic,0
2098,69,159.4,Basic,0
2099,109,362.2,Premium,0
2100,41,533.8,Basic,0
2101,68,527.0,Premium,0
2102,92,462.4,,0
2103,33,524.8,Basic,0
2104,58,166.8,Premium,0
2105,85,236.1,Premium,0
2106,17,161.7,Basic,0
2107,30,546.2,Premium,0
2108,84,111.7,Premium,1
2109,48,642.4,Basic,0
2110,44,228.9,Premium,0
2111,40,91.8,Basic,0
2112,90,182.2,Basic,1
2113,18,192.2,Basic,0
2114,29,279.0,Premium,0
2115,12,289.0,Premium,0
2116,32,521.5,Basic,0
2117,46,315.9,Basic,0
2118,6,90.7,Basic,0
2119,21,189.1,Basic,0
2120,48,205.0,Premium,0
2121,57,338.5,Premium,0
2122,126,,Basic,1
2123,63,1009.3,Premium,0
2124,36,461.0,Basic,0
2125,46,492.0,Premium,0
2126,47,37.6,Premium,0
2127,29,448.4,Basic,0
2128,50,43.3,Basic,1
2129,28,221.1,Premium,0
2130,52,188.3,Basic,0
2131,40,508.0,Basic,0
2132,35,105.8,Basic,0
2133,36,215.1,Basic,0
2134,71,72.3,Basic,1
2135,66,465.2,Premium,0
2136,34,222.9,Premium,0
2137,69,281.4,Basic,0
2138,39,13.6,Premium,0
2139,40,94.9,Basic,0
2140,29,374.1,Premium,0
2141,117,512.9,Premium,0
2142,109,647.9,Basic,0
2143,24,761.9,Premium,0
2144,32,151.5,Basic,0
2145,54,,Basic,0
2146,62,553.2,Premium,0
2147,17,311.6,Basic,0
2148,20,189.8,Basic,0
2149,62,287.0,Basic,0
2150,11,801.6,Premium,0
2151,24,241.4,Basic,0
2152,76,363.1,Basic,0
2153,74,391.3,Premium,0
2154,113,188.0,Premium,0
2155,138,506.0,Basic,1
2156,215,246.8,Basic,1
2157,31,188.0,Basic,1
2158,26,298.5,Basic,0
2159,56,545.9,Basic,0
2160,12,370.3,Premium,0
2161,34,365.3,Premium,0
2162,46,355.0,Basic,0
2163,59,415.8,Basic,0
2164,64,265.9,Premium,0
2165,34,225.2,Basic,0
2166,14,250.5,Premium,1
2167,17,352.8,Basic,0
2168,5,246.6,Basic,0
2169,26,333.0,Premium,0
2170,12,262.5,Basic,0
2171,28,107.4,Premium,0
2172,56,391.5,Basic,0
2173,14,,Basic,0
2174,44,323.5,Premium,0
2175,33,172.7,Basic,0
2176,53,137.1,Premium,0
2177,63,283.1,Basic,0
2178,32,338.2,Basic,0
2179,42,1398.2,,0
2180,33,161.1,Basic,0
2181,29,436.3,Basic,0
2182,23,196.2,Basic,0
2183,59,462.6,Basic,0
2184,100,376.5,Basic,0
2185,92,211.9,Premium,0
2186,13,126.9,Premium,0
2187,99,93.0,Premium,1
2188,19,642.0,Premium,0
2189,46,158.7,Premium,0
2190,53,632.6,Premium,0
2191,10,258.2,Basic,0
2192,36,269.0,Premium,0
2193,103,539.7,Premium,0
2194,3,,Basic,0
2195,179,388.9,Basic,1
2196,5,163.2,Basic,0
2197,52,610.6,Basic,0
2198,10,186.5,Premium,0
2199,58,392.8,Basic,0
2200,89,538.4,Basic,1
2201,73,7.8,Premium,0
2202,82,366.6,Basic,1
2203,34,145.7,,0
2204,102,413.4,Basic,1
2205,153,392.0,Premium,1
2206,45,465.7,Premium,0
2207,31,244.4,Basic,0
2208,21,730.7,Premium,0
2209,70,74.6,Basic,1
2210,85,679.3,Premium,0
2211,31,214.9,Premium,0
2212,117,52.7,Premium,0
2213,66,265.8,Basic,0
2214,44,195.3,Premium,0
2215,53,453.4,Premium,0
2216,17,372.7,Basic,0
2217,70,296.0,Premium,0
2218,18,360.1,Basic,0
2219,27,409.2,Premium,0
2220,39,262.2,Basic,0
2221,137,288.8,Premium,1
2222,50,174.1,Basic,1
2223,20,781.3,Basic,0
2224,53,253.3,Basic,1
2225,63,325.2,Basic,0
2226,94,400.5,Basic,0
2227,41,208.2,Basic,0
2228,23,341.6,Basic,0
2229,161,735.5,Basic,1
2230,53,143.2,Basic,0
2231,20,955.9,Premium,0
2232,41,420.4,Basic,0
2233,27,212.6,Premium,0
2234,98,177.0,Premium,0
2235,63,952.4,Premium,0
2236,32,498.4,Basic,0
2237,85,302.9,Premium,0
2238,38,179.8,Basic,0
2239,40,164.1,Basic,0
2240,22,224.6,Basic,0
2241,22,312.9,Premium,0
2242,154,290.6,Basic,1
2243,82,119.4,Basic,0
2244,6,206.1,Premium,0
2245,18,281.1,Premium,1
2246,15,915.7,Basic,0
2247,44,313.3,Basic,0
2248,30,109.5,Premium,0
2249,111,124.5,Basic,1
2250,32,726.8,Basic,0
2251,144,565.2,Basic,1
2252,39,253.8,Premium,0
2253,165,474.6,Premium,1
2254,35,437.7,Premium,0
2255,36,336.9,Premium,0
2256,81,137.5,Basic,0
2257,73,,Basic,1
2258,12,463.7,Basic,0
2259,44,342.1,Basic,0
2260,29,139.4,Basic,0
2261,28,713.7,Premium,0
2262,44,708.6,Basic,0
2263,33,397.8,Premium,0
2264,48,252.3,Basic,0
2265,17,70.4,Basic,1
2266,10,226.7,Basic,0
2267,83,110.5,Basic,0
2268,92,307.1,Premium,0
2269,79,510.7,Basic,0
2270,43,399.0,Basic,0
2271,31,559.3,Basic,0
2272,25,212.8,Basic,1
2273,21,89.1,Basic,1
2274,39,268.0,Premium,0
2275,90,399.0,Premium,0
2276,23,575.5,Basic,0
2277,90,588.0,Premium,0
2278,10,60.2,Basic,0
2279,50,300.2,Basic,0
2280,58,507.5,Basic,0
2281,27,602.1,Basic,0
2282,16,533.8,Basic,0
2283,75,152.0,Basic,0
2284,43,158.3,Basic,0
2285,198,781.4,Basic,1
2286,91,185.1,Basic,1
2287,92,912.5,Premium,0
2288,2,125.6,Basic,0
2289,23,236.0,Basic,0
2290,14,37.9,Basic,0
2291,5,223.9,Basic,0
2292,40,135.2,Basic,0
2293,74,400.9,Basic,0
2294,18,398.7,Basic,0
2295,5,350.8,Basic,0
2296,19,140.7,Basic,0
2297,37,561.0,Basic,0
2298,35,267.2,Basic,0
2299,42,423.2,Basic,0
2300,57,535.7,Basic,0
2301,41,376.0,Premium,0
2302,77,81.3,Basic,0
2303,18,313.3,Basic,0
2304,33,226.0,Basic,0
2305,64,168.5,Premium,1
2306,51,652.3,Basic,0
2307,133,207.8,Basic,1
2308,19,382.7,Basic,0
2309,64,445.9,Basic,0
2310,24,313.4,Basic,0
2311,22,190.7,Basic,0
2312,87,95.4,Premium,0
2313,41,348.1,Basic,0
2314,51,271.9,Premium,0
2315,26,998.8,Premium,0
2316,27,155.0,Basic,0
2317,9,39.1,Basic,0
2318,48,101.1,Basic,0
2319,16,533.1,Basic,0
2320,37,455.4,Basic,0
2321,77,843.4,Premium,0
2322,7,297.3,Premium,0
2323,232,417.3,Basic,1
2324,22,303.0,Basic,0
2325,38,213.6,Premium,0
2326,51,345.6,Premium,0
2327,21,257.7,Premium,0
2328,28,624.9,Basic,0
2329,89,163.4,Basic,0
2330,71,684.8,Basic,0
2331,34,155.3,Basic,1
2332,42,198.4,Basic,1
2333,46,275.1,Basic,0
2334,62,194.7,Premium,0
2335,66,273.4,Basic,0
2336,64,300.3,Basic,0
2337,30,603.5,Basic,0
2338,45,38.4,Basic,1
2339,83,156.4,Basic,0
2340,161,742.5,Basic,1
2341,44,253.7,Premium,0
2342,27,195.1,Basic,0
2343,21,148.5,Basic,0
2344,65,411.1,Basic,0
2345,9,88.8,Premium,1
2346,65,437.4,Premium,0
2347,66,1058.1,Premium,0
2348,27,53.0,Basic,1
2349,50,414.4,Basic,0
2350,35,96.2,Basic,0
2351,12,350.7,Basic,0
2352,62,429.5,Premium,0
2353,58,433.9,Basic,0
2354,29,229.3,Premium,0
2355,160,238.6,Premium,1
2356,42,441.9,Basic,0
2357,6,227.7,Premium,0
2358,86,477.1,Basic,0
2359,73,27.5,Basic,1
2360,79,316.2,Basic,0
2361,17,456.9,Basic,0
2362,49,229.0,Basic,1
2363,41,619.9,Basic,0
2364,36,181.2,Basic,0
2365,102,307.7,Basic,0
2366,42,509.5,Basic,0
2367,30,105.8,Basic,0
2368,30,538.9,Basic,0
2369,16,333.7,Basic,0
2370,45,186.5,Premium,0
2371,107,334.4,Premium,0
2372,32,173.7,Premium,0
2373,51,510.4,Premium,0
2374,36,215.4,Basic,0
2375,39,254.6,,0
2376,75,401.0,Basic,0
2377,16,225.2,Basic,0
2378,10,346.8,Premium,0
2379,86,253.2,Basic,1
2380,27,47.9,Premium,0
2381,30,104.3,Premium,0
2382,182,205.5,Premium,1
2383,72,217.3,Premium,0
2384,20,33.0,Basic,0
2385,90,266.5,Basic,0
2386,74,238.4,Basic,1
2387,1,288.7,Basic,0
2388,47,205.6,Basic,0
2389,17,871.8,Premium,0
2390,39,479.7,Premium,0
2391,161,726.8,Basic,1
2392,77,105.3,Basic,0
2393,84,201.2,Basic,1
2394,36,169.5,Basic,0
2395,85,83.3,Premium,0
2396,22,229.5,Basic,0
2397,46,30.6,Basic,1
2398,75,389.7,Basic,0
2399,73,569.3,Basic,0
2400,11,219.7,Basic,0
2401,139,286.7,Basic,1
2402,19,572.9,Basic,0
2403,204,123.2,Basic,1
2404,76,,Basic,1
2405,72,38.5,Premium,0
2406,20,134.6,Basic,0
2407,28,153.9,Basic,0
2408,131,409.8,Basic,1
2409,120,109.2,Premium,0
2410,37,60.8,Basic,1
2411,34,597.0,Premium,0
2412,35,162.2,Basic,0
2413,91,288.3,Basic,0
2414,85,426.9,Basic,0
2415,55,1160.3,Basic,0
2416,47,440.2,Premium,0
2417,36,148.7,Basic,0
2418,193,453.2,Basic,1
2419,12,116.9,Basic,0
2420,31,568.3,Basic,0
2421,53,140.6,Basic,0
2422,9,99.1,Basic,0
2423,26,342.6,Premium,0
2424,160,331.5,Basic,1
2425,81,103.0,Basic,0
2426,26,206.3,Premium,0
2427,25,358.2,Basic,0
2428,12,382.4,Premium,0
2429,29,344.2,,0
2430,63,748.2,Premium,0
2431,55,317.2,Basic,0
2432,30,886.7,Premium,0
2433,19,612.6,Premium,0
2434,36,161.7,Basic,0
2435,35,771.3,Premium,0
2436,74,307.9,Basic,0
2437,50,533.2,Basic,0
2438,45,348.9,Basic,0
2439,96,795.0,,0
2440,120,99.3,Basic,1
2441,55,216.8,Basic,0
2442,56,394.8,Basic,1
2443,38,369.6,Premium,0
2444,20,153.2,Premium,0
2445,78,743.0,Basic,0
2446,68,241.4,Basic,0
2447,40,498.7,Basic,0
2448,50,373.4,Basic,0
2449,92,441.7,Basic,0
2450,102,93.3,Basic,1
2451,2,249.0,Basic,0
2452,25,584.1,Premium,0
2453,40,496.4,Basic,0
2454,16,467.0,Basic,0
2455,51,141.5,Basic,1
2456,26,54.7,Basic,0
2457,52,82.7,Basic,0
2458,26,258.5,Basic,0
2459,27,278.1,Basic,0
2460,52,257.7,Basic,0
2461,80,124.6,Premium,1
2462,65,216.1,Premium,0
2463,41,738.4,Basic,0
2464,7,334.1,Basic,0
2465,27,245.3,Basic,0
2466,24,727.5,Basic,0
2467,70,838.7,Basic,0
2468,47,180.4,Basic,0
2469,48,335.8,Basic,0
2470,21,66.6,Basic,0
2471,105,49.8,Basic,1
2472,48,280.4,Premium,0
2473,20,117.6,Premium,0
2474,21,216.4,Premium,0
2475,53,312.6,Basic,1
2476,19,821.2,Premium,0
2477,25,342.4,Basic,0
2478,15,236.6,Premium,0
2479,70,870.0,Basic,0
2480,20,354.8,Premium,0
2481,117,500.6,Basic,1
2482,58,689.3,Premium,0
2483,15,317.0,Premium,0
2484,64,17.7,Basic,1
2485,105,150.2,Basic,1
2486,39,203.1,Premium,0
2487,114,250.4,Basic,1
2488,59,273.9,Premium,0
2489,26,219.8,Basic,0
2490,162,262.4,Basic,1
2491,12,299.8,Basic,0
2492,32,53.0,Basic,1
2493,41,384.9,Premium,0
2494,144,416.4,,1
2495,71,878.0,Basic,0
2496,63,288.3,Basic,0
2497,22,479.5,Basic,0
2498,38,507.7,Premium,0
2499,26,176.1,Premium,0
2500,61,302.1,Basic,0
2501,94,891.7,Premium,0
2502,186,861.1,Premium,1
2503,29,661.7,Basic,0
2504,11,1731.0,Premium,0
2505,33,412.6,Basic,0
2506,85,185.3,Basic,0
2507,20,545.1,Premium,0
2508,42,,Basic,0
2509,64,482.0,Premium,0
2510,29,147.1,Premium,0
2511,50,148.9,Basic,1
2512,18,61.2,Premium,0
2513,99,351.6,Basic,1
2514,35,638.9,Basic,0
2515,49,289.5,Basic,1
2516,7,341.2,Premium,0
2517,16,158.7,Basic,0
2518,84,512.8,Basic,0
2519,29,743.6,Premium,0
2520,19,91.1,Premium,0
2521,10,401.7,Premium,0
2522,97,500.0,Basic,0
2523,69,183.9,Basic,0
2524,66,59.3,Basic,1
2525,124,140.4,Premium,0
2526,32,709.4,Basic,0
2527,11,558.3,Basic,0
2528,44,789.5,Premium,0
2529,140,82.8,Basic,1
2530,44,645.7,Premium,0
2531,92,962.2,Premium,0
2532,12,195.1,Premium,0
2533,22,226.4,Basic,0
2534,80,318.7,Basic,0
2535,48,465.6,Premium,0
2536,39,249.8,Premium,0
2537,92,697.5,Premium,0
2538,79,401.1,Basic,0
2539,49,163.1,Premium,0
2540,3,666.3,Premium,0
2541,42,311.1,Premium,0
2542,58,537.5,Premium,0
2543,7,175.8,Premium,0
2544,56,142.1,,0
2545,94,54.4,Basic,1
2546,42,584.8,Basic,0
2547,17,478.8,Basic,0
2548,3,320.1,Basic,0
2549,57,79.5,Basic,1
2550,8,651.8,Basic,0
2551,65,407.8,Basic,0
2552,135,192.0,Basic,1
2553,23,445.5,Premium,0
2554,35,304.7,Premium,0
2555,141,408.1,Basic,1
2556,46,150.1,Premium,0
2557,29,32.1,Basic,0
2558,85,381.6,Basic,0
2559,30,425.5,Basic,0
2560,22,54.3,Basic,0
2561,65,23.5,Premium,0
2562,90,419.6,Premium,0
2563,21,391.2,Basic,0
2564,49,227.0,Basic,0
2565,37,122.6,Basic,0
2566,41,881.7,Basic,0
2567,17,366.5,Basic,0
2568,68,579.6,Basic,0
2569,117,127.5,Premium,1
2570,21,830.8,Premium,0
2571,68,356.6,Basic,1
2572,84,1071.2,Premium,0
2573,49,413.4,Basic,0
2574,66,285.9,Basic,1
2575,23,249.8,Basic,0
2576,112,154.5,Basic,1
2577,91,327.3,Premium,0
2578,98,418.6,Basic,0
2579,15,470.5,Basic,0
2580,60,134.7,Basic,1
2581,25,70.6,Basic,0
2582,119,435.9,Premium,0
2583,21,50.9,Basic,0
2584,50,255.9,Basic,0
2585,5,80.9,Basic,0
2586,50,457.3,Basic,0
2587,15,191.2,Basic,0
2588,63,274.4,Premium,0
2589,37,66.1,Basic,1
2590,31,704.2,Premium,0
2591,121,402.2,Premium,0
2592,169,413.0,Premium,1
2593,11,84.6,Basic,1
2594,32,45.6,Basic,0
2595,76,133.9,Basic,1
2596,55,243.6,Premium,0
2597,73,130.4,Basic,1
2598,40,826.5,Basic,0
2599,93,551.5,Basic,0
2600,49,260.8,Basic,0
2601,58,143.0,Basic,0
2602,15,100.2,Basic,1
2603,45,327.7,Premium,0
2604,77,325.1,Basic,1
2605,53,179.4,Basic,0
2606,47,359.7,Basic,1
2607,60,168.2,Basic,0
2608,49,99.1,Basic,0
2609,41,468.5,Premium,0
2610,78,43.7,Basic,1
2611,38,91.3,Premium,0
2612,14,115.7,Basic,0
2613,117,157.3,Basic,1
2614,25,545.4,Premium,0
2615,10,66.3,Basic,0
2616,66,211.9,Basic,1
2617,127,328.0,Basic,1
2618,67,308.2,Basic,0
2619,106,545.5,Premium,0
2620,19,216.9,Basic,0
2621,14,198.9,Premium,0
2622,32,791.7,Premium,0
2623,89,,Basic,1
2624,63,170.4,Premium,0
2625,66,122.9,Basic,1
2626,47,154.7,Premium,1
2627,32,705.9,Basic,0
2628,48,1019.8,Premium,0
2629,37,455.9,Basic,0
2630,31,370.6,Basic,0
2631,56,131.3,Basic,1
2632,35,230.3,Premium,0
2633,52,57.3,Basic,1
2634,6,213.2,Basic,0
2635,49,101.1,Premium,0
2636,34,379.9,Premium,0
2637,110,182.2,Premium,0
2638,10,403.8,Premium,0
2639,46,157.0,Premium,0
2640,77,61.4,Premium,0
2641,39,104.0,Basic,0
2642,33,330.5,Basic,0
2643,77,450.0,Premium,0
2644,62,321.5,Basic,1
2645,65,289.4,Basic,1
2646,31,261.0,Basic,0
2647,28,522.7,Premium,0
2648,52,18.8,Basic,1
2649,82,684.2,Basic,0
2650,12,208.6,Basic,1
2651,40,404.2,Basic,0
2652,29,244.6,Basic,0
2653,43,137.8,Basic,0
2654,72,196.2,Basic,0
2655,21,128.3,Premium,0
2656,67,114.3,Basic,1
2657,32,465.1,Premium,0
2658,90,381.9,Premium,0
2659,22,41.7,Basic,0
2660,81,153.9,Premium,0
2661,14,207.8,Basic,0
2662,49,319.3,Premium,0
2663,68,862.8,Basic,0
2664,23,,Premium,0
2665,29,34.8,Basic,1
2666,44,255.6,Basic,0
2667,33,79.8,Basic,0
2668,27,280.4,Premium,0
2669,78,1189.8,Premium,0
2670,97,168.3,Basic,0
2671,93,470.2,Basic,0
2672,60,253.4,Basic,0
2673,66,861.8,Premium,0
2674,19,375.3,Basic,0
2675,41,666.5,Premium,0
2676,46,327.6,Basic,0
2677,53,166.4,Basic,0
2678,53,611.9,Basic,0
2679,44,301.5,Basic,0
2680,59,175.5,Basic,0
2681,51,137.9,Basic,1
2682,51,402.1,Premium,0
2683,24,542.4,Basic,0
2684,16,348.1,Basic,0
2685,53,186.6,Basic,0
2686,30,338.6,Basic,0
2687,25,438.3,Basic,0
2688,69,54.7,Basic,1
2689,41,80.6,Basic,0
2690,106,410.3,Basic,1
2691,64,77.4,Basic,1
2692,23,215.4,Basic,0
2693,69,273.1,Basic,0
2694,57,105.7,Basic,1
2695,22,289.0,Premium,0
2696,28,276.1,Basic,1
2697,67,726.6,Premium,0
2698,8,520.0,Basic,0
2699,5,400.9,Premium,0
2700,49,199.2,Premium,0
2701,46,527.5,Basic,0
2702,52,701.7,Premium,0
2703,46,135.4,Basic,1
2704,59,288.9,Basic,0
2705,98,228.4,Premium,1
2706,43,411.0,Premium,0
2707,11,126.9,Basic,1
2708,7,435.0,Basic,0
2709,33,317.6,Basic,0
2710,33,127.2,Basic,0
2711,13,532.0,Premium,0
2712,4,152.2,Basic,0
2713,31,42.9,Basic,0
2714,127,103.9,Basic,1
2715,57,468.3,Basic,0
2716,54,714.7,Basic,0
2717,38,726.4,Basic,0
2718,33,208.1,Premium,0
2719,61,279.8,Premium,0
2720,15,178.5,Basic,0
2721,149,321.3,Premium,0
2722,16,96.9,Premium,0
2723,65,212.9,Premium,0
2724,17,289.6,Basic,0
2725,47,469.9,Basic,0
2726,70,308.3,Basic,0
2727,9,207.7,Basic,0
2728,19,106.4,Basic,0
2729,20,489.1,Basic,0
2730,35,64.8,Basic,0
2731,51,103.1,Premium,0
2732,128,379.8,Basic,1
2733,27,417.1,Basic,0
2734,123,22.4,Premium,1
2735,56,271.9,Premium,0
2736,15,45.5,Premium,0
2737,38,285.0,Premium,0
2738,12,184.9,Basic,0
2739,33,801.5,Premium,0
2740,31,341.6,Basic,1
2741,48,349.5,,0
2742,65,550.3,Basic,0
2743,40,564.1,Basic,0
2744,17,277.2,Basic,0
2745,106,148.6,Basic,1
2746,134,588.2,Premium,0
2747,37,437.1,Basic,0
2748,54,377.2,Basic,0
2749,36,359.2,Premium,0
2750,48,217.6,Basic,0
2751,50,565.3,Basic,0
2752,14,239.7,Premium,0
2753,33,142.8,Basic,0
2754,86,207.0,Basic,0
2755,81,161.7,Premium,0
2756,33,438.5,Basic,0
2757,51,276.5,Basic,0
2758,35,49.1,Premium,1
2759,67,445.3,Premium,0
2760,9,212.5,Basic,0
2761,61,252.7,Basic,0
2762,111,302.0,Basic,0
2763,24,167.1,Basic,0
2764,101,141.6,Basic,1
2765,52,378.1,Basic,0
2766,40,115.3,Premium,0
2767,33,112.3,Basic,0
2768,103,134.2,Basic,1
2769,35,484.2,Basic,0
2770,122,754.5,Premium,0
2771,113,133.2,Basic,1
2772,29,114.2,Basic,0
2773,37,356.4,Premium,0
2774,6,212.3,Basic,0
2775,41,444.1,Basic,0
2776,45,357.2,Basic,1
2777,92,754.0,Basic,0
2778,117,118.9,Basic,1
2779,72,439.4,,1
2780,87,184.8,Basic,0
2781,37,108.2,Basic,0
2782,14,237.0,Premium,0
2783,52,257.2,Premium,0
2784,91,709.0,Premium,0
2785,2,78.6,Premium,0
2786,47,136.5,Basic,0
2787,7,344.2,Premium,0
2788,22,101.9,Basic,0
2789,48,917.3,Premium,0
2790,118,1012.7,Premium,0
2791,43,323.9,Premium,0
2792,68,492.7,Premium,0
2793,52,630.9,Basic,0
2794,23,223.7,Basic,0
2795,60,,Basic,0
2796,14,90.8,Basic,0
2797,43,39.4,Basic,0
2798,102,475.6,Basic,1
2799,49,304.8,Premium,0
2800,52,763.8,Basic,0
2801,33,201.8,Premium,0
2802,10,109.1,Premium,0
2803,36,577.0,Premium,0
2804,78,940.6,Premium,0
2805,57,91.7,Basic,0
2806,15,152.9,Premium,0
2807,7,799.0,Premium,0
2808,23,922.4,Basic,0
2809,36,365.5,Basic,0
2810,38,187.2,Premium,0
2811,38,578.5,Basic,0
2812,43,200.9,Basic,0
2813,58,192.2,Premium,0
2814,31,166.4,Basic,0
2815,19,404.7,Basic,0
2816,63,337.4,Premium,0
2817,79,350.9,Basic,0
2818,27,452.5,Basic,0
2819,149,209.4,Basic,1
2820,114,492.8,Basic,0
2821,16,328.1,Premium,0
2822,8,168.5,Basic,0
2823,37,67.1,Basic,0
2824,52,202.5,Basic,0
2825,148,657.8,Basic,1
2826,145,567.6,Premium,1
2827,68,454.1,Premium,0
2828,31,99.3,Basic,1
2829,95,164.0,Basic,1
2830,47,395.4,Basic,0
2831,13,465.8,Basic,0
2832,13,576.7,Premium,0
2833,32,302.2,Basic,0
2834,84,130.9,Basic,0
2835,17,466.6,Basic,0
2836,32,211.9,Premium,0
2837,113,612.3,Premium,0
2838,57,202.8,Basic,0
2839,62,960.1,Premium,0
2840,86,186.3,Basic,1
2841,32,183.5,Basic,0
2842,118,307.1,Premium,0
2843,70,172.4,,0
2844,39,146.8,Premium,1
2845,104,128.8,Basic,1
2846,68,599.7,Basic,0
2847,42,155.2,Premium,0
2848,63,184.9,Basic,1
2849,21,977.3,Basic,0
2850,95,480.9,Basic,1
2851,146,617.7,Premium,0
2852,9,882.5,Basic,0
2853,27,231.2,Basic,0
2854,25,55.3,Premium,0
2855,73,445.2,Basic,1
2856,50,212.4,Basic,0
2857,30,983.0,Basic,0
2858,34,36.6,Basic,0
2859,28,113.0,Basic,1
2860,67,158.0,Basic,0
2861,50,305.0,Premium,0
2862,33,76.8,Basic,0
2863,28,423.5,Premium,0
2864,105,150.8,Basic,1
2865,93,503.0,Basic,0
2866,67,627.6,Basic,0
2867,87,193.6,Basic,0
2868,13,474.5,Premium,0
2869,17,250.9,Basic,0
2870,15,236.8,Basic,0
2871,43,92.4,Premium,0
2872,88,295.1,Premium,0
2873,31,609.2,Premium,0
2874,97,331.9,Basic,0
2875,27,150.3,Premium,0
2876,39,71.7,Basic,0
2877,30,220.8,Basic,0
2878,36,135.1,Basic,0
2879,40,148.8,,0
2880,7,137.1,Basic,0
2881,56,253.4,Basic,0
2882,39,498.3,Premium,0
2883,118,130.8,Basic,1
2884,65,125.9,Basic,1
2885,54,83.9,Basic,0
2886,114,371.2,Premium,0
2887,106,460.8,Basic,1
2888,122,229.6,Basic,1
2889,28,500.0,Premium,0
2890,15,715.2,Premium,0
2891,7,299.5,Basic,0
2892,86,153.6,Premium,0
2893,6,139.0,Premium,0
2894,50,161.8,Premium,0
2895,10,798.4,Basic,0
2896,94,1235.7,Premium,0
2897,61,187.6,Basic,1
2898,94,531.6,Basic,0
2899,51,597.7,Basic,0
2900,19,72.7,Basic,0
2901,30,768.5,Basic,0
2902,80,268.0,Premium,0
2903,9,198.1,Basic,0
2904,28,87.1,Basic,0
2905,25,801.9,Basic,0
2906,40,264.4,Basic,0
2907,67,973.9,Premium,0
2908,92,572.8,Basic,0
2909,12,190.3,Basic,0
2910,20,270.9,Basic,0
2911,14,146.4,Basic,0
2912,41,161.6,Basic,0
2913,15,449.3,Premium,0
2914,55,555.7,Premium,0
2915,101,40.9,Basic,1
2916,8,55.0,Premium,0
2917,21,214.9,Premium,0
2918,123,402.7,Premium,1
2919,49,604.5,Basic,0
2920,28,261.3,Basic,0
2921,210,205.2,Basic,1
2922,34,493.8,Premium,0
2923,65,151.4,Premium,0
2924,22,266.3,Basic,0
2925,18,225.7,Basic,0
2926,67,366.6,Premium,0
2927,130,719.8,Premium,0
2928,29,65.2,Premium,0
2929,17,306.2,Premium,0
2930,85,426.3,Basic,0
2931,29,,Basic,0
2932,56,71.9,Premium,0
2933,28,42.0,Basic,0
2934,33,404.9,Basic,0
2935,20,68.5,Premium,0
2936,69,270.1,Basic,1
2937,57,687.6,Premium,0
2938,56,67.8,Basic,1
2939,24,977.5,Premium,0
2940,53,395.4,Basic,0
2941,142,1305.9,Basic,0
2942,17,169.9,Basic,0
2943,22,623.2,Basic,0
2944,23,241.3,Premium,0
2945,46,335.0,Premium,0
2946,16,143.7,Basic,0
2947,61,248.5,Basic,0
2948,7,480.8,Basic,0
2949,75,769.4,Basic,0
2950,55,156.0,Premium,0
2951,140,374.4,Premium,1
2952,18,207.4,Premium,0
2953,87,389.2,Premium,0
2954,39,530.4,Basic,0
2955,33,222.4,Premium,0
2956,17,455.2,Premium,0
2957,29,147.5,Premium,0
2958,30,728.7,Premium,0
2959,10,437.2,Basic,0
2960,54,171.1,Premium,0
2961,49,128.9,Basic,0
2962,64,647.4,Basic,0
2963,26,916.7,Basic,0
2964,77,177.7,Premium,0
2965,105,628.1,Premium,0
2966,35,249.3,Premium,0
2967,18,842.7,Premium,0
2968,44,199.8,Basic,0
2969,43,536.9,Premium,0
2970,37,281.3,Basic,1
2971,65,28.3,Basic,1
2972,32,121.1,Basic,0
2973,17,529.9,Premium,0
2974,47,485.6,Premium,0
2975,67,309.6,Basic,1
2976,71,787.5,Basic,0
2977,30,598.5,Premium,0
2978,52,421.2,Basic,0
2979,106,36.1,Premium,1
2980,89,619.5,Premium,0
2981,10,58.8,Basic,0
2982,32,,Basic,0
2983,101,77.3,Premium,1
2984,10,463.5,Premium,0
2985,40,545.6,Basic,0
2986,25,303.7,Premium,0
2987,53,239.6,Basic,0
2988,4,111.1,Basic,1
2989,95,701.1,Premium,0
2990,42,85.4,Premium,0
2991,16,281.4,Basic,0
2992,22,300.5,Premium,0
2993,55,331.3,Basic,0
2994,21,444.3,Basic,0
2995,127,220.8,Basic,1
2996,38,622.5,Premium,0
2997,112,243.1,Basic,1
2998,47,323.0,Basic,1
2999,69,94.2,Basic,1
3000,66,232.0,Premium,1
3001,28,68.1,Premium,0
3002,69,341.1,Premium,0
3003,30,427.0,Basic,0
3004,9,212.4,Basic,0
3005,35,232.2,Basic,0
3006,14,436.3,Premium,0
3007,29,471.3,Premium,0
3008,41,49.9,Basic,0
3009,19,197.9,Premium,0
3010,62,59.0,Basic,1
3011,30,182.3,Basic,0
3012,13,693.6,Basic,0
3013,19,431.1,Basic,0
3014,45,248.4,Basic,0
3015,34,824.3,Basic,0
3016,52,312.8,Basic,0
3017,45,1461.5,Premium,0
3018,17,277.0,Basic,0
3019,25,151.7,Basic,0
3020,76,113.6,Premium,0
3021,20,399.4,Basic,0
3022,114,180.8,Basic,1
3023,11,359.6,Premium,0
3024,74,355.3,Basic,0
3025,38,120.4,Basic,1
3026,18,309.0,Basic,0
3027,44,279.8,,0
3028,21,62.8,Basic,0
3029,26,479.9,Premium,0
3030,31,404.2,Basic,0
3031,70,607.7,Basic,0
3032,25,90.1,Basic,0
3033,50,1208.9,Premium,0
3034,72,131.7,Basic,1
3035,43,32.5,Basic,0
3036,55,256.6,Basic,0
3037,40,331.5,Basic,0
3038,62,289.0,Premium,0
3039,13,88.8,Basic,0
3040,107,169.6,Basic,0
3041,23,317.3,Basic,0
3042,39,1327.1,Premium,0
3043,6,93.1,Basic,0
3044,27,150.5,Basic,0
3045,51,93.0,Premium,0
3046,117,236.5,Premium,0
3047,63,234.6,Basic,0
3048,29,501.1,Basic,0
3049,10,322.0,Basic,0
3050,99,672.1,Basic,0
3051,28,242.9,Basic,0
3052,51,6.2,Basic,0
3053,29,333.0,Basic,0
3054,56,45.4,Basic,1
3055,96,637.5,Premium,0
3056,70,316.1,Premium,0
3057,34,144.9,Basic,1
3058,101,82.2,Basic,1
3059,134,163.5,Basic,1
3060,83,304.8,Premium,0
3061,30,844.1,Basic,0
3062,75,219.2,Basic,1
3063,82,295.1,Basic,1
3064,34,229.2,Basic,0
3065,134,295.6,Basic,0
3066,93,282.4,Basic,1
3067,36,246.5,Basic,0
3068,30,182.8,Premium,0
3069,81,409.9,Basic,0
3070,158,121.0,Premium,1
3071,14,465.1,Premium,0
3072,58,415.5,Basic,0
3073,74,35.2,Basic,0
3074,95,84.8,Basic,1
3075,74,41.3,Basic,1
3076,28,766.4,Premium,0
3077,12,205.8,Premium,0
3078,33,568.0,Basic,0
3079,72,188.1,Basic,1
3080,26,130.8,Premium,0
3081,106,174.8,Premium,1
3082,38,362.0,Premium,0
3083,25,412.4,Basic,0
3084,62,252.9,Basic,0
3085,35,622.0,Premium,0
3086,29,279.8,Premium,0
3087,146,235.0,Basic,1
3088,26,126.9,Basic,0
3089,32,115.1,Basic,0
3090,63,432.3,Basic,0
3091,105,93.4,Basic,1
3092,59,244.1,Premium,0
3093,45,447.3,Basic,0
3094,157,66.1,Premium,1
3095,31,600.1,Basic,0
3096,31,132.7,Premium,0
3097,26,782.2,Premium,0
3098,56,93.3,Basic,1
3099,20,431.6,Basic,0
3100,16,154.5,Basic,0
3101,32,866.2,Basic,0
3102,9,265.3,Premium,0
3103,51,106.4,Premium,0
3104,56,358.0,Basic,0
3105,63,169.5,Basic,0
3106,77,384.6,Basic,0
3107,32,774.0,Premium,0
3108,97,440.1,Basic,0
3109,90,47.5,Basic,1
3110,17,91.4,Basic,0
3111,40,301.3,Basic,0
3112,3,325.0,Basic,0
3113,97,96.1,Premium,0
3114,76,100.2,Basic,1
3115,113,626.2,Basic,0
3116,11,181.6,Premium,0
3117,60,533.3,Premium,0
3118,28,538.0,Basic,0
3119,6,135.2,Basic,0
3120,84,228.5,Basic,0
3121,14,411.1,Basic,0
3122,54,47.0,Basic,0
3123,27,195.1,Basic,0
3124,48,576.5,Basic,0
3125,78,414.8,Premium,0
3126,48,321.7,Basic,0
3127,20,624.2,Premium,0
3128,148,152.4,Basic,1
3129,33,125.9,Premium,0
3130,23,397.6,Premium,0
3131,40,211.2,Premium,0
3132,11,199.8,Premium,0
3133,25,,Premium,0
3134,34,355.6,Basic,0
3135,51,209.0,Basic,0
3136,44,95.9,Basic,0
3137,60,651.0,Premium,1
3138,41,240.7,Premium,0
3139,89,361.9,Basic,1
3140,68,730.0,Basic,0
3141,57,494.9,Basic,0
3142,100,880.1,Premium,0
3143,100,488.1,Basic,1
3144,46,195.9,Basic,0
3145,31,120.4,Basic,0
3146,49,187.8,Basic,0
3147,38,258.8,Premium,0
3148,30,770.5,Premium,0
3149,48,215.7,Premium,0
3150,56,74.6,Basic,0
3151,65,293.3,Basic,0
3152,110,256.6,Basic,1
3153,52,163.6,Premium,0
3154,41,178.4,Basic,0
3155,82,691.1,Basic,0
3156,21,354.5,Basic,0
3157,9,247.2,Premium,0
3158,59,125.1,Basic,0
3159,33,1223.0,Premium,0
3160,35,788.3,Basic,0
3161,21,465.9,Basic,0
3162,94,206.6,Basic,1
3163,10,119.8,Basic,0
3164,64,123.9,Basic,1
3165,42,204.6,Basic,0
3166,115,165.4,Basic,1
3167,83,316.5,Premium,0
3168,16,234.4,Basic,0
3169,68,135.0,Premium,0
3170,58,107.2,Basic,1
3171,40,249.1,Premium,0
3172,64,229.6,Basic,1
3173,25,652.3,Basic,0
3174,45,305.9,Basic,0
3175,42,297.6,Basic,0
3176,22,314.9,Basic,0
3177,33,714.2,Premium,0
3178,28,2670.5,Premium,0
3179,55,201.4,Premium,0
3180,98,1161.1,Premium,0
3181,13,64.5,Basic,0
3182,57,193.2,Basic,0
3183,28,94.0,Basic,0
3184,79,401.7,Basic,1
3185,56,485.3,Basic,0
3186,10,74.8,Basic,0
3187,48,527.9,Basic,0
3188,38,320.5,Basic,0
3189,14,579.4,Premium,0
3190,28,757.0,Premium,0
3191,46,410.0,Basic,0
3192,29,79.7,Premium,0
3193,85,231.2,Premium,0
3194,38,70.2,Basic,0
3195,26,31.1,Basic,0
3196,48,88.3,Basic,0
3197,53,246.6,Premium,0
3198,80,1102.7,Premium,0
3199,44,240.6,Basic,0
3200,52,322.4,Basic,0
3201,67,159.1,Basic,0
3202,22,208.4,Basic,0
3203,76,259.4,Basic,0
3204,15,259.1,Premium,0
3205,46,485.0,Premium,0
3206,47,188.5,Premium,0
3207,46,84.5,Premium,0
3208,14,66.5,Premium,0
3209,2,459.5,Basic,0
3210,34,14.3,Basic,0
3211,54,205.5,Basic,1
3212,107,119.0,Premium,1
3213,55,383.0,Basic,0
3214,15,320.2,Premium,0
3215,35,251.1,Basic,0
3216,37,267.9,Basic,0
3217,97,261.1,Basic,1
3218,56,64.8,Basic,0
3219,17,216.9,Premium,0
3220,27,150.2,Premium,0
3221,71,134.9,Basic,1
3222,49,263.9,Basic,0
3223,42,461.5,Basic,0
3224,35,450.3,Basic,0
3225,70,299.1,Basic,0
3226,31,227.6,Premium,0
3227,26,250.9,Basic,0
3228,78,410.8,Basic,0
3229,2,134.2,Basic,0
3230,16,242.9,Basic,0
3231,22,158.0,Basic,0
3232,82,132.4,Basic,0
3233,47,231.7,Basic,0
3234,15,175.9,Basic,0
3235,14,304.1,Basic,0
3236,84,178.0,Basic,0
3237,14,215.5,Basic,0
3238,25,84.1,Premium,0
3239,30,424.2,Basic,0
3240,60,429.7,Basic,0
3241,28,115.4,Basic,0
3242,12,124.8,Basic,0
3243,64,274.5,Basic,0
3244,63,211.7,Premium,1
3245,115,386.1,Premium,0
3246,50,613.8,Basic,0
3247,14,120.5,Basic,0
3248,111,447.4,Basic,0
3249,30,133.6,Premium,0
3250,74,134.3,Basic,0
3251,109,276.2,Basic,0
3252,44,370.1,Basic,1
3253,40,601.3,Basic,0
3254,50,743.0,Basic,0
3255,57,191.7,Basic,0
3256,83,240.9,Basic,1
3257,36,401.0,Premium,0
3258,43,232.8,Basic,0
3259,27,190.1,Basic,0
3260,27,200.5,Premium,0
3261,20,373.7,Basic,0
3262,29,604.5,Basic,0
3263,18,57.1,Basic,1
3264,76,202.6,Basic,0
3265,65,76.1,Premium,0
3266,38,358.1,Basic,0
3267,49,131.6,Basic,0
3268,20,549.0,Basic,0
3269,40,215.0,Basic,0
3270,90,469.9,Premium,0
3271,88,118.2,Basic,0
3272,116,267.9,Basic,1
3273,76,345.3,Premium,0
3274,53,,Basic,0
3275,73,189.2,Premium,1
3276,15,672.0,Premium,0
3277,70,402.1,Premium,0
3278,78,585.0,Basic,0
3279,40,66.1,Basic,1
3280,43,350.4,Premium,0
3281,34,208.7,Basic,0
3282,39,754.0,Basic,0
3283,47,493.6,Premium,0
3284,51,306.4,Premium,0
3285,20,363.5,Basic,0
3286,23,170.9,Basic,0
3287,65,332.2,Basic,0
3288,54,1351.2,Premium,0
3289,22,198.8,Premium,0
3290,38,266.2,Basic,0
3291,127,127.3,Basic,1
3292,4,,Premium,0
3293,2,450.7,Basic,0
3294,4,87.1,Basic,0
3295,160,427.0,Premium,0
3296,16,431.7,Basic,0
3297,32,176.6,Basic,0
3298,62,571.2,Basic,0
3299,59,537.6,Basic,0
3300,34,228.6,Premium,0
3301,104,74.8,Basic,1
3302,71,450.8,Premium,0
3303,24,230.2,Basic,1
3304,17,278.2,Basic,0
3305,47,344.2,Basic,0
3306,74,62.2,Basic,1
3307,129,168.0,Basic,1
3308,52,702.7,Basic,0
3309,31,284.5,Basic,0
3310,98,360.8,Basic,0
3311,89,346.9,Premium,0
3312,71,459.3,Premium,0
3313,14,688.9,Premium,0
3314,32,33.7,Basic,0
3315,36,412.2,Basic,0
3316,71,302.5,Premium,0
3317,6,462.2,Basic,0
3318,30,181.7,Basic,0
3319,42,228.7,Premium,0
3320,35,109.1,Premium,0
3321,120,237.4,Basic,1
3322,83,78.8,Basic,0
3323,83,288.4,Premium,0
3324,29,277.9,Basic,0
3325,48,177.0,Premium,0
3326,20,71.7,Premium,0
3327,20,54.2,Premium,0
3328,84,104.6,Basic,1
3329,74,38.3,Basic,1
3330,19,354.1,Premium,0
3331,45,1058.1,Basic,0
3332,10,107.2,Premium,0
3333,61,1225.8,Basic,0
3334,18,264.8,,0
3335,45,398.8,Premium,0
3336,127,76.5,Premium,1
3337,16,366.2,Premium,0
3338,54,207.4,Premium,0
3339,40,673.2,Basic,0
3340,15,54.2,Premium,0
3341,23,210.5,Premium,0
3342,57,121.5,Basic,1
3343,35,316.2,Basic,0
3344,106,19.2,Basic,0
3345,59,659.2,Basic,0
3346,17,399.2,Premium,0
3347,76,291.7,Basic,0
3348,83,86.4,Basic,0
3349,51,427.9,Basic,0
3350,63,397.9,Basic,0
3351,51,563.1,Basic,0
3352,96,192.3,Basic,1
3353,88,70.9,Premium,0
3354,10,141.1,Basic,0
3355,9,474.2,Basic,0
3356,36,163.0,Basic,0
3357,73,1120.9,Premium,0
3358,93,435.2,Basic,1
3359,31,1020.0,Premium,0
3360,35,221.7,Premium,0
3361,33,438.0,Premium,0
3362,39,105.4,Basic,0
3363,47,587.1,Premium,0
3364,29,355.4,Basic,0
3365,33,543.5,Premium,0
3366,55,183.4,Basic,1
3367,13,273.1,Basic,0
3368,135,262.4,,1
3369,72,184.1,Basic,0
3370,103,371.2,Premium,0
3371,19,323.4,Basic,0
3372,25,367.4,Basic,0
3373,3,180.5,Basic,0
3374,43,565.1,Premium,0
3375,44,539.5,Premium,0
3376,51,484.3,Premium,0
3377,8,596.2,Premium,0
3378,41,216.2,Basic,1
3379,53,92.4,Basic,0
3380,60,541.0,Premium,0
3381,26,155.9,Basic,0
3382,148,57.7,Basic,1
3383,35,159.5,Basic,0
3384,47,280.9,Basic,0
3385,32,624.6,Basic,0
3386,27,423.1,Premium,0
3387,67,456.7,Basic,0
3388,9,409.8,Basic,0
3389,70,314.2,Basic,0
3390,46,263.9,Premium,0
3391,36,105.0,Basic,0
3392,14,1212.4,Premium,0
3393,43,212.0,Premium,0
3394,66,199.9,Basic,1
3395,47,296.6,Premium,0
3396,40,207.5,Premium,0
3397,34,467.6,Premium,0
3398,29,210.5,Premium,0
3399,15,196.4,Basic,0
3400,65,152.0,Basic,1
3401,50,193.1,Basic,0
3402,68,88.4,Basic,1
3403,29,91.3,Premium,0
3404,37,715.6,Basic,0
3405,14,596.0,Premium,0
3406,9,834.4,Premium,0
3407,45,885.0,Premium,0
3408,4,152.5,Premium,0
3409,54,623.1,Basic,0
3410,26,514.5,Basic,0
3411,165,191.8,Basic,1
3412,42,323.2,Basic,0
3413,63,447.7,Basic,0
3414,24,382.9,Basic,0
3415,91,298.4,Premium,0
3416,96,284.0,Basic,1
3417,81,350.8,Basic,0
3418,145,243.3,Premium,1
3419,16,378.6,Basic,0
3420,66,141.3,Basic,0
3421,22,827.6,Premium,0
3422,17,498.3,Basic,0
3423,41,590.3,Premium,0
3424,50,334.0,Basic,0
3425,38,388.8,Premium,0
3426,13,511.2,Basic,0
3427,44,96.8,Basic,0
3428,41,127.3,Basic,1
3429,17,500.7,Premium,0
3430,108,245.9,Basic,0
3431,137,160.2,Basic,1
3432,46,699.1,Premium,0
3433,2,361.7,Premium,0
3434,42,322.5,Basic,0
3435,88,710.8,Premium,0
3436,42,226.9,Basic,0
3437,38,870.8,Basic,0
3438,67,104.8,Basic,0
3439,167,696.2,Premium,1
3440,53,218.9,Premium,0
3441,46,479.0,Basic,0
3442,101,143.3,Basic,1
3443,58,69.5,Basic,1
3444,126,628.2,Premium,1
3445,17,250.4,Premium,0
3446,17,72.2,Basic,0
3447,20,648.6,Premium,0
3448,78,386.9,Premium,0
3449,54,192.1,Basic,0
3450,34,334.7,Basic,0
3451,54,225.6,Basic,0
3452,86,266.7,Premium,0
3453,33,577.4,Premium,0
3454,71,300.1,Basic,0
3455,30,176.6,Premium,1
3456,10,251.3,Basic,0
3457,42,439.6,Basic,0
3458,8,131.8,Premium,0
3459,32,741.8,Premium,0
3460,47,292.4,Basic,0
3461,21,276.0,Basic,0
3462,63,286.4,Basic,0
3463,35,738.6,Basic,0
3464,65,252.5,Basic,0
3465,41,194.1,Basic,0
3466,36,297.6,Premium,0
3467,21,483.1,Basic,0
3468,43,515.2,Premium,0
3469,47,332.1,Premium,0
3470,55,986.0,Basic,0
3471,51,374.1,Basic,0
3472,12,157.6,Premium,0
3473,83,35.2,Basic,1
3474,56,520.0,Premium,0
3475,44,266.6,Premium,0
3476,54,87.3,Premium,0
3477,62,305.7,Premium,0
3478,141,419.0,Basic,0
3479,26,222.2,Basic,0
3480,27,246.2,Basic,0
3481,16,31.6,Basic,0
3482,6,400.6,Basic,0
3483,57,53.2,Basic,0
3484,144,206.6,Premium,1
3485,33,311.5,Basic,0
3486,95,133.3,Basic,0
3487,34,156.9,Basic,1
3488,92,301.2,Basic,1
3489,54,319.0,Basic,0
3490,43,261.3,Basic,0
3491,27,27.9,Basic,0
3492,45,41.3,Basic,0
3493,76,627.7,Premium,0
3494,24,245.5,Premium,0
3495,40,1424.9,Premium,0
3496,49,302.3,Basic,0
3497,75,1118.1,Premium,0
3498,46,285.6,Premium,0
3499,34,170.7,Basic,1
3500,51,525.4,Premium,0
3501,91,550.1,Basic,1
3502,58,286.8,Premium,0
3503,40,513.5,Premium,0
3504,44,53.5,Basic,0
3505,17,157.4,Premium,0
3506,70,342.6,Basic,0
3507,13,246.9,Premium,0
3508,30,310.9,,0
3509,37,450.6,Premium,0
3510,30,390.6,Basic,0
3511,18,475.8,Basic,0
3512,24,483.6,Basic,0
3513,12,128.9,Premium,0
3514,116,291.3,,0
3515,27,284.2,Premium,0
3516,25,314.9,Premium,0
3517,144,204.3,Basic,0
3518,9,254.3,Basic,0
3519,63,152.9,Basic,0
3520,43,454.9,Basic,0
3521,18,347.0,Basic,0
3522,46,151.6,Basic,0
3523,128,258.0,Basic,1
3524,63,804.8,Basic,0
3525,57,104.2,Basic,0
3526,14,124.7,Basic,0
3527,21,609.9,Premium,0
3528,10,901.9,Premium,0
3529,44,416.1,Premium,0
3530,43,270.2,Basic,0
3531,21,87.5,Basic,0
3532,77,230.7,Premium,0
3533,13,170.1,Basic,0
3534,23,178.9,Basic,0
3535,46,137.6,Basic,0
3536,15,82.4,Basic,0
3537,33,407.0,Basic,0
3538,24,334.4,Basic,0
3539,51,107.4,Premium,0
3540,12,260.5,Basic,0
3541,5,198.0,Basic,0
3542,14,973.9,Premium,0
3543,78,585.0,Basic,0
3544,74,746.2,Basic,0
3545,19,228.0,Premium,0
3546,40,46.4,Basic,1
3547,42,96.3,Basic,0
3548,11,178.0,Basic,0
3549,24,209.5,Basic,1
3550,36,757.3,Basic,0
3551,4,588.9,Premium,0
3552,45,334.9,Basic,0
3553,59,590.9,Basic,0
3554,49,376.7,Basic,0
3555,69,434.6,Basic,1
3556,57,198.1,Basic,0
3557,76,66.9,Basic,1
3558,5,53.9,Basic,0
3559,30,54.8,Basic,0
3560,17,403.2,Basic,0
3561,5,129.1,Basic,0
3562,37,259.0,Premium,0
3563,79,75.6,Basic,1
3564,25,539.7,Basic,0
3565,53,250.7,Basic,1
3566,96,390.4,Premium,0
3567,34,322.5,Basic,0
3568,86,457.0,Premium,0
3569,80,726.8,Premium,0
3570,52,537.1,Premium,0
3571,14,109.0,Basic,0
3572,5,123.7,Basic,0
3573,23,1651.8,Premium,0
3574,29,640.1,Premium,0
3575,34,1302.2,Premium,0
3576,64,210.7,Basic,0
3577,22,692.1,Basic,0
3578,65,359.9,Basic,0
3579,120,408.6,Premium,0
3580,36,258.7,Basic,0
3581,48,448.2,Basic,0
3582,116,483.1,Premium,0
3583,71,220.3,Basic,0
3584,23,205.1,Premium,0
3585,127,225.6,Basic,1
3586,47,253.2,Basic,0
3587,25,184.9,Basic,0
3588,8,155.8,Premium,0
3589,22,266.4,Basic,0
3590,46,341.0,Basic,0
3591,17,402.3,Premium,0
3592,20,94.8,Basic,0
3593,99,743.6,Basic,0
3594,48,866.1,Basic,0
3595,10,398.3,Basic,0
3596,67,455.8,Basic,0
3597,5,301.8,Basic,1
3598,46,327.8,Basic,0
3599,42,50.7,Basic,0
3600,167,306.7,Premium,1
3601,83,238.6,Basic,1
3602,40,848.3,Basic,0
3603,75,201.8,Basic,0
3604,6,735.3,Basic,0
3605,41,258.3,Basic,0
3606,24,179.6,Basic,0
3607,45,70.3,Premium,0
3608,5,324.0,Basic,0
3609,66,175.3,Premium,0
3610,57,80.3,Premium,1
3611,85,396.4,Basic,0
3612,29,333.4,Basic,0
3613,67,354.5,Basic,0
3614,134,333.5,Premium,1
3615,32,146.1,Basic,0
3616,12,106.0,Basic,0
3617,64,674.7,Basic,0
3618,30,545.6,Premium,0
3619,16,646.3,Premium,0
3620,19,227.6,Basic,0
3621,10,170.4,Premium,0
3622,16,119.2,Basic,0
3623,54,270.5,Basic,0
3624,56,176.7,Premium,0
3625,21,45.1,Basic,0
3626,162,382.3,Basic,1
3627,44,497.0,Basic,0
3628,52,213.8,Premium,0
3629,60,77.1,Premium,0
3630,22,288.8,Basic,0
3631,77,293.1,Premium,0
3632,9,189.3,Basic,0
3633,15,349.4,Basic,0
3634,23,277.9,Basic,0
3635,48,339.9,Basic,0
3636,12,268.5,Basic,0
3637,14,176.3,Premium,0
3638,107,127.3,Basic,0
3639,98,256.9,Basic,0
3640,12,472.8,Basic,0
3641,21,273.6,Basic,0
3642,39,194.6,Premium,0
3643,63,287.9,Basic,0
3644,28,296.5,Basic,0
3645,26,177.8,Premium,0
3646,90,857.9,Basic,0
3647,22,456.3,Basic,0
3648,32,228.4,Basic,0
3649,58,815.8,Basic,0
3650,60,422.7,Premium,0
3651,56,397.8,Premium,0
3652,53,630.4,Basic,0
3653,48,596.2,Premium,0
3654,34,359.0,Basic,0
3655,77,184.9,Basic,1
3656,62,254.0,Basic,1
3657,25,225.4,Basic,0
3658,33,152.1,Basic,0
3659,13,1042.5,Basic,0
3660,28,599.7,Premium,0
3661,15,218.8,Basic,0
3662,79,333.8,Basic,1
3663,184,227.3,Basic,1
3664,14,132.6,Basic,0
3665,36,44.4,Basic,0
3666,31,354.4,Basic,0
3667,4,338.4,Premium,0
3668,23,549.8,Basic,0
3669,130,165.8,Basic,1
3670,46,550.4,Basic,0
3671,36,593.0,Basic,0
3672,15,499.9,Basic,0
3673,71,577.8,Premium,0
3674,27,241.5,Basic,0
3675,22,543.8,Basic,0
3676,67,485.4,Basic,0
3677,36,280.9,Basic,0
3678,18,62.3,Basic,0
3679,70,273.8,Premium,0
3680,45,504.6,Basic,0
3681,71,417.6,Premium,0
3682,37,179.8,Basic,0
3683,194,347.6,Premium,1
3684,8,280.3,Basic,0
3685,180,167.3,Premium,1
3686,25,175.2,Basic,0
3687,9,1289.5,Premium,0
3688,48,14.7,Basic,1
3689,89,265.0,Basic,1
3690,55,504.6,Basic,0
3691,7,340.3,Premium,0
3692,8,160.5,Basic,0
3693,10,258.0,Premium,0
3694,23,831.7,Basic,0
3695,11,409.9,Basic,0
3696,33,392.6,Basic,0
3697,6,312.7,Premium,0
3698,34,401.4,Premium,0
3699,53,144.6,Premium,0
3700,89,864.0,Basic,0
3701,47,428.9,Basic,0
3702,103,342.5,Premium,0
3703,47,293.0,Basic,0
3704,13,480.1,Premium,0
3705,30,,Premium,0
3706,22,269.0,Premium,0
3707,42,147.6,Premium,0
3708,4,427.0,Basic,0
3709,96,82.1,Basic,1
3710,65,156.4,Premium,0
3711,40,464.9,Basic,0
3712,187,402.6,Premium,1
3713,130,1002.9,Premium,0
3714,60,205.1,Basic,0
3715,41,302.6,Premium,0
3716,33,665.3,Basic,0
3717,31,554.4,Basic,1
3718,21,471.7,Basic,0
3719,22,,Basic,0
3720,38,152.4,Basic,1
3721,85,247.7,Basic,0
3722,38,315.9,Premium,1
3723,11,187.9,Premium,0
3724,31,198.1,Basic,0
3725,17,253.0,Basic,0
3726,113,,Premium,0
3727,4,634.3,Basic,0
3728,41,416.6,Basic,0
3729,15,70.3,Basic,1
3730,33,581.8,Basic,0
3731,40,418.0,Basic,0
3732,74,629.0,Premium,0
3733,28,,Basic,0
3734,39,681.9,Basic,0
3735,97,226.5,Basic,1
3736,97,143.0,Basic,0
3737,157,576.1,Premium,0
3738,18,325.3,Premium,0
3739,159,532.1,Premium,0
3740,31,197.2,Basic,0
3741,111,134.4,Premium,1
3742,72,251.2,Premium,0
3743,27,109.1,Premium,0
3744,138,419.0,Basic,1
3745,103,19.9,Basic,1
3746,13,557.5,Basic,0
3747,29,117.5,Premium,0
3748,65,511.3,Basic,0
3749,10,384.0,Basic,0
3750,37,46.2,Premium,0
3751,85,391.3,Premium,0
3752,37,102.9,Premium,0
3753,47,302.1,Basic,0
3754,80,200.8,Premium,0
3755,55,36.3,Basic,1
3756,37,370.4,Basic,1
3757,110,243.3,Basic,1
3758,44,262.1,Basic,0
3759,40,44.3,Basic,1
3760,108,50.9,Premium,1
3761,57,208.4,Basic,1
3762,16,651.9,Premium,0
3763,17,424.3,Basic,0
3764,22,362.2,Basic,0
3765,83,610.4,Basic,0
3766,77,161.5,Basic,0
3767,47,377.8,Basic,0
3768,18,57.6,Basic,0
3769,30,1032.1,Basic,0
3770,101,138.5,Basic,0
3771,36,357.4,Basic,0
3772,35,989.8,Premium,0
3773,24,191.9,Basic,0
3774,85,456.7,Premium,0
3775,21,385.8,Premium,0
3776,70,239.6,Premium,0
3777,27,199.6,Premium,0
3778,60,88.3,Basic,0
3779,50,296.5,Premium,0
3780,39,184.3,Premium,0
3781,31,133.8,Basic,0
3782,54,396.1,Basic,0
3783,50,281.9,Basic,0
3784,25,681.9,Premium,0
3785,92,237.5,Premium,1
3786,78,95.3,Basic,1
3787,18,400.6,Basic,0
3788,20,415.2,Basic,0
3789,6,319.0,Basic,0
3790,73,169.9,Premium,0
3791,32,265.0,Basic,0
3792,41,91.3,Basic,0
3793,19,140.0,Basic,0
3794,41,744.6,Premium,0
3795,52,169.8,Basic,0
3796,12,628.6,Premium,0
3797,51,332.9,Basic,0
3798,49,750.3,,0
3799,105,323.7,Basic,1
3800,53,,Basic,0
3801,18,58.2,Basic,0
3802,19,186.6,Premium,0
3803,48,270.1,Premium,0
3804,31,1232.6,Premium,0
3805,69,152.8,Basic,0
3806,11,126.3,Premium,0
3807,75,70.0,Basic,0
3808,47,56.3,Basic,0
3809,107,970.2,Basic,0
3810,38,291.8,Basic,0
3811,18,141.9,Premium,0
3812,17,622.0,Basic,0
3813,53,816.6,Basic,0
3814,14,113.8,Basic,0
3815,158,177.1,Basic,1
3816,37,557.1,Basic,0
3817,115,419.2,Basic,0
3818,8,290.5,Premium,0
3819,2,737.8,Premium,0
3820,22,55.9,Basic,1
3821,56,93.2,Basic,0
3822,45,136.6,Basic,0
3823,25,159.5,Premium,0
3824,55,25.2,Basic,1
3825,34,186.3,Basic,0
3826,14,378.3,Basic,0
3827,126,460.9,Basic,0
3828,2,436.0,Basic,0
3829,50,691.7,Premium,0
3830,43,347.8,Basic,0
3831,44,160.8,Basic,0
3832,86,55.0,Premium,1
3833,16,53.4,Premium,0
3834,15,277.4,Basic,0
3835,86,115.4,Basic,1
3836,64,266.9,Basic,0
3837,110,109.6,Premium,1
3838,35,605.1,Basic,0
3839,34,249.5,Premium,0
3840,80,266.1,Premium,0
3841,100,220.0,Basic,1
3842,14,559.4,Basic,0
3843,153,95.1,Basic,1
3844,29,224.4,Basic,1
3845,50,260.7,Basic,0
3846,64,163.5,Premium,0
3847,88,500.5,Premium,0
3848,71,516.7,Basic,0
3849,45,54.0,Premium,0
3850,71,414.1,Basic,0
3851,31,32.6,Basic,0
3852,26,126.1,Basic,0
3853,44,158.4,Basic,1
3854,96,211.1,Premium,1
3855,63,752.9,Premium,0
3856,29,171.6,Basic,0
3857,40,171.5,Basic,0
3858,83,73.2,Basic,1
3859,52,312.2,Basic,0
3860,47,274.2,Premium,0
3861,48,463.6,Premium,0
3862,15,71.9,Basic,1
3863,7,761.7,Basic,0
3864,90,434.9,Basic,0
3865,43,258.1,Basic,1
3866,49,496.7,Basic,0
3867,30,775.0,Basic,0
3868,112,412.3,Premium,0
3869,28,281.1,Premium,0
3870,34,168.4,Basic,0
3871,88,195.5,Basic,0
3872,29,285.3,Basic,0
3873,49,208.3,Basic,0
3874,12,530.6,Premium,0
3875,20,644.5,Basic,0
3876,10,86.4,Basic,0
3877,45,86.0,Basic,0
3878,47,225.4,Premium,0
3879,49,42.0,Basic,1
3880,35,726.1,Basic,0
3881,36,533.6,Basic,0
3882,24,278.7,Premium,0
3883,31,299.4,Premium,0
3884,13,323.2,Basic,0
3885,55,166.1,Premium,0
3886,74,246.6,Premium,0
3887,37,176.7,Premium,0
3888,36,261.5,Basic,0
3889,45,266.9,Basic,0
3890,109,225.2,Basic,0
3891,40,649.2,Premium,0
3892,42,227.6,Basic,0
3893,191,310.4,Premium,1
3894,35,60.1,Basic,0
3895,54,519.1,Premium,0
3896,52,365.6,Premium,0
3897,32,429.9,Basic,0
3898,57,153.1,Premium,0
3899,11,92.1,Basic,1
3900,36,267.8,Premium,0
3901,19,34.2,Basic,0
3902,58,753.6,Basic,0
3903,9,260.8,Premium,0
3904,67,15.4,Basic,1
3905,2,212.5,Premium,0
3906,55,217.9,Basic,1
3907,16,648.0,Basic,0
3908,25,259.2,Basic,0
3909,35,65.1,Basic,0
3910,115,326.3,Basic,1
3911,16,256.2,Basic,0
3912,41,211.5,Basic,0
3913,94,185.2,Basic,1
3914,42,619.0,Premium,0
3915,61,325.5,Premium,0
3916,85,238.4,Basic,0
3917,25,720.3,Premium,0
3918,27,438.9,Basic,0
3919,16,425.5,Premium,0
3920,95,180.7,Premium,0
3921,127,253.9,Premium,1
3922,12,232.0,Basic,0
3923,51,95.5,Premium,0
3924,25,165.9,Basic,0
3925,26,334.6,Premium,0
3926,64,378.7,Basic,0
3927,43,367.4,Basic,0
3928,59,62.0,Premium,0
3929,124,241.6,Premium,1
3930,53,124.9,Basic,0
3931,65,49.3,Premium,0
3932,83,223.3,Basic,1
3933,23,164.2,Basic,0
3934,70,250.8,Basic,0
3935,26,369.9,Basic,0
3936,13,325.0,Basic,0
3937,56,824.8,Basic,0
3938,15,280.5,Basic,0
3939,44,631.3,Basic,0
3940,36,96.4,Basic,1
3941,104,417.8,Premium,0
3942,15,178.7,Premium,0
3943,53,203.6,Basic,0
3944,21,,Basic,0
3945,9,202.1,Basic,0
3946,5,505.5,Basic,0
3947,15,183.6,Premium,0
3948,15,93.1,Basic,0
3949,5,293.6,Basic,0
3950,76,303.5,Basic,0
3951,90,192.0,Basic,1
3952,22,506.7,Premium,0
3953,29,40.3,Premium,1
3954,34,107.0,Basic,0
3955,83,339.4,Basic,0
3956,84,271.2,Premium,1
3957,52,190.7,Premium,0
3958,51,277.1,Basic,0
3959,27,479.6,Basic,0
3960,5,322.6,Basic,0
3961,33,426.7,Basic,0
3962,94,334.7,Basic,1
3963,24,566.0,Basic,0
3964,31,165.4,Basic,1
3965,72,501.1,Basic,0
3966,30,67.1,Premium,0
3967,34,84.3,Basic,0
3968,73,383.7,Basic,0
3969,5,79.6,Basic,0
3970,14,192.2,Basic,0
3971,135,728.3,Premium,0
3972,72,95.0,Basic,1
3973,79,453.2,Basic,1
3974,51,239.9,Premium,0
3975,56,87.4,Basic,1
3976,25,323.3,Premium,0
3977,33,535.2,Basic,0
3978,81,77.1,Basic,1
3979,28,72.9,Basic,0
3980,24,375.0,Basic,1
3981,41,206.2,Premium,0
3982,52,1080.8,Premium,0
3983,98,303.7,Basic,0
3984,218,478.2,Basic,1
3985,18,384.9,Premium,0
3986,67,102.7,Premium,0
3987,44,114.7,Basic,0
3988,7,129.1,Basic,0
3989,113,349.1,Basic,0
3990,30,314.6,Premium,0
3991,29,40.9,Basic,0
3992,113,397.4,Basic,0
3993,40,1215.1,Premium,0
3994,92,93.6,Basic,1
3995,34,107.1,Basic,0
3996,60,142.4,Basic,0
3997,38,220.6,Basic,0
3998,21,100.5,Basic,0
3999,61,555.4,Basic,0
4000,72,698.8,,0
4001,42,266.8,Basic,0
4002,5,301.7,Premium,0
4003,15,60.9,Premium,0
4004,27,85.6,Basic,0
4005,107,25.3,Basic,1
4006,40,148.3,Basic,0
4007,106,171.9,Basic,0
4008,84,371.5,Basic,0
4009,29,349.6,Premium,0
4010,48,122.5,Basic,0
4011,73,385.8,Basic,0
4012,22,1035.3,Basic,0
4013,69,519.8,Premium,0
4014,63,160.2,Basic,1
4015,21,290.8,Basic,0
4016,59,97.9,Basic,1
4017,38,114.9,Premium,0
4018,12,954.8,Premium,0
4019,27,294.3,Basic,0
4020,26,489.3,Basic,0
4021,120,196.5,Basic,1
4022,15,87.8,Basic,0
4023,24,94.3,Premium,0
4024,55,145.8,Premium,0
4025,43,420.6,Premium,0
4026,36,75.8,Premium,0
4027,35,249.9,Basic,0
4028,80,354.7,Basic,0
4029,21,110.2,Premium,0
4030,16,1031.5,Basic,0
4031,5,583.7,Premium,0
4032,28,219.8,Basic,0
4033,12,129.7,Basic,0
4034,32,392.8,Premium,0
4035,7,295.0,Basic,0
4036,32,330.4,Premium,0
4037,52,403.5,Premium,0
4038,40,134.0,Premium,0
4039,65,518.0,Premium,0
4040,90,67.6,Basic,1
4041,51,36.7,Premium,0
4042,41,367.9,Basic,0
4043,57,317.4,Basic,0
4044,52,237.6,Basic,0
4045,73,142.4,Basic,0
4046,43,165.0,Basic,0
4047,14,99.9,Basic,0
4048,87,291.3,Basic,0
4049,8,29.1,Premium,0
4050,69,38.4,Basic,1
4051,56,135.6,Premium,1
4052,57,345.5,Premium,0
4053,44,290.2,Premium,0
4054,23,583.6,Basic,0
4055,38,250.7,Premium,0
4056,95,421.2,Basic,0
4057,58,332.5,Premium,0
4058,58,27.4,Basic,0
4059,97,114.2,Premium,1
4060,105,129.8,Premium,0
4061,71,122.9,Basic,0
4062,145,177.1,Basic,1
4063,58,647.0,Premium,0
4064,71,204.4,Basic,0
4065,82,177.8,Premium,1
4066,101,441.0,Basic,1
4067,19,438.7,Basic,0
4068,13,21.7,Premium,0
4069,14,288.1,Premium,0
4070,28,704.4,Premium,0
4071,84,195.2,Basic,0
4072,34,119.4,Premium,0
4073,38,418.5,Basic,0
4074,13,79.7,Basic,0
4075,14,336.2,Premium,0
4076,28,193.5,Basic,1
4077,22,,Basic,0
4078,72,480.7,Basic,0
4079,12,401.0,Premium,0
4080,15,598.6,Basic,0
4081,52,288.9,Premium,0
4082,35,98.4,Basic,0
4083,33,51.3,Basic,0
4084,84,578.2,Premium,0
4085,33,89.7,Basic,1
4086,43,1027.8,Basic,0
4087,28,755.1,Basic,0
4088,38,239.4,Basic,0
4089,74,237.0,Premium,0
4090,31,122.0,Basic,0
4091,48,176.2,Premium,0
4092,31,907.0,Basic,0
4093,5,159.9,Basic,1
4094,23,422.1,Premium,0
4095,27,342.6,Basic,0
4096,43,462.5,Basic,0
4097,64,305.2,Basic,1
4098,36,224.1,Basic,0
4099,30,111.7,Basic,0
4100,51,336.2,Basic,0
4101,41,286.6,Basic,0
4102,12,157.4,Basic,0
4103,107,315.7,Basic,1
4104,32,209.6,Basic,0
4105,41,286.6,Basic,1
4106,10,499.5,Premium,0
4107,87,333.4,Premium,1
4108,29,410.2,Basic,0
4109,114,328.9,Premium,0
4110,40,462.2,Basic,0
4111,61,175.2,Basic,0
4112,31,92.5,Basic,0
4113,13,,Basic,0
4114,55,686.7,Basic,0
4115,55,430.6,Basic,0
4116,4,681.3,Basic,0
4117,12,203.1,Premium,0
4118,86,223.3,Basic,1
4119,29,97.4,Basic,0
4120,67,94.5,Premium,0
4121,151,618.7,Basic,1
4122,57,577.3,Basic,0
4123,40,467.8,Premium,0
4124,23,205.6,Premium,0
4125,51,509.1,Premium,0
4126,55,708.2,Premium,0
4127,43,960.2,Premium,0
4128,68,73.9,Premium,1
4129,15,178.0,Basic,1
4130,44,164.0,Basic,0
4131,40,200.6,Basic,0
4132,26,341.2,Basic,0
4133,54,38.7,Premium,0
4134,13,155.0,Basic,0
4135,21,168.2,Basic,0
4136,31,251.1,Basic,0
4137,35,358.6,Premium,0
4138,56,197.9,Basic,0
4139,60,1094.9,Premium,0
4140,21,212.7,Basic,0
4141,114,338.9,Basic,1
4142,54,382.9,Basic,0
4143,136,107.7,Basic,1
4144,100,147.1,Premium,1
4145,26,504.1,Premium,0
4146,13,582.1,,0
4147,10,735.5,Basic,0
4148,4,110.6,Basic,0
4149,48,623.1,Premium,0
4150,24,307.4,Premium,0
4151,63,576.2,Basic,0
4152,25,312.4,Basic,0
4153,20,470.5,Premium,0
4154,60,646.3,Basic,0
4155,159,691.2,Basic,0
4156,98,266.1,Basic,0
4157,61,49.8,,1
4158,91,170.4,Premium,1
4159,56,1200.9,Premium,0
4160,4,375.1,Basic,0
4161,69,111.1,Basic,1
4162,60,148.9,Basic,1
4163,79,516.9,Basic,0
4164,24,828.5,Basic,0
4165,88,247.7,Basic,0
4166,14,577.2,Basic,0
4167,46,474.1,Basic,0
4168,41,315.3,Basic,0
4169,2,410.0,Basic,0
4170,27,305.4,Basic,0
4171,59,591.1,Basic,0
4172,27,554.3,Premium,0
4173,107,57.0,Basic,1
4174,49,210.9,Basic,0
4175,33,142.8,Premium,0
4176,88,351.2,Premium,0
4177,29,201.6,Basic,0
4178,16,189.0,Premium,0
4179,62,80.5,Basic,0
4180,13,26.1,Basic,0
4181,28,584.4,Basic,0
4182,42,758.9,Premium,0
4183,33,100.3,Premium,0
4184,242,311.2,Basic,1
4185,57,42.3,Basic,1
4186,38,124.0,Basic,0
4187,25,190.8,Basic,0
4188,53,136.9,Basic,0
4189,91,486.4,Premium,0
4190,9,13.0,Premium,0
4191,52,156.2,Premium,0
4192,36,587.7,Premium,0
4193,72,38.1,Basic,1
4194,43,172.7,Premium,0
4195,58,495.2,Basic,0
4196,142,889.0,Basic,1
4197,73,584.3,Basic,0
4198,33,186.5,Basic,0
4199,18,884.7,Basic,0
4200,36,461.5,Basic,0
4201,18,103.0,Premium,0
4202,46,44.9,Basic,0
4203,46,434.8,Basic,0
4204,11,281.1,Premium,0
4205,45,76.2,Basic,1
4206,115,207.4,Basic,1
4207,44,521.7,Basic,0
4208,30,138.4,Basic,0
4209,69,134.9,Basic,0
4210,37,205.3,Basic,0
4211,39,228.7,Basic,0
4212,88,175.5,Basic,0
4213,19,378.0,Basic,0
4214,78,408.6,Basic,0
4215,10,222.9,Basic,0
4216,153,169.9,Premium,1
4217,20,155.3,Basic,0
4218,44,623.0,Basic,0
4219,103,1137.9,Premium,0
4220,10,63.5,Basic,0
4221,27,83.0,Basic,0
4222,74,152.4,Basic,1
4223,7,823.5,Premium,0
4224,59,227.7,Premium,1
4225,53,376.7,Basic,0
4226,6,269.5,Premium,0
4227,5,155.6,Basic,0
4228,4,197.0,Basic,0
4229,51,76.7,Basic,0
4230,22,410.4,Basic,0
4231,9,167.5,Premium,0
4232,82,142.2,Basic,1
4233,108,114.1,Basic,1
4234,104,905.8,Premium,0
4235,44,164.3,Basic,0
4236,5,285.0,Basic,0
4237,9,23.2,Basic,0
4238,14,11.5,Premium,0
4239,23,102.6,Premium,0
4240,102,495.0,Basic,1
4241,54,352.3,Premium,1
4242,43,745.7,Basic,0
4243,46,713.3,Premium,0
4244,79,116.7,Basic,0
4245,75,207.9,Basic,1
4246,42,793.5,Premium,0
4247,90,191.4,Basic,0
4248,28,399.5,Basic,0
4249,72,64.8,Basic,1
4250,88,404.4,Premium,0
4251,78,235.8,Basic,0
4252,17,118.0,Basic,0
4253,35,214.1,Basic,0
4254,6,,Basic,0
4255,12,482.2,Basic,0
4256,33,919.7,Premium,0
4257,44,569.1,Premium,0
4258,54,570.2,Basic,0
4259,12,103.0,Basic,0
4260,37,87.0,Basic,0
4261,81,364.3,Basic,0
4262,50,90.8,,0
4263,61,197.9,Basic,0
4264,44,431.1,Basic,0
4265,22,826.4,Premium,0
4266,16,317.3,Basic,0
4267,35,94.4,Basic,0
4268,67,244.6,Basic,0
4269,19,347.8,Premium,0
4270,27,170.9,Premium,0
4271,42,49.2,Basic,0
4272,122,569.5,Premium,0
4273,52,202.5,Basic,0
4274,51,395.3,Basic,0
4275,31,294.5,Basic,0
4276,125,,Basic,1
4277,45,180.3,Basic,0
4278,83,230.1,Basic,1
4279,16,362.3,Basic,0
4280,38,15.6,Basic,0
4281,222,355.2,Basic,1
4282,46,435.6,Premium,0
4283,30,435.2,Basic,0
4284,85,658.9,Basic,1
4285,32,134.7,Basic,0
4286,34,58.8,Basic,0
4287,7,366.3,Premium,0
4288,4,264.7,Basic,0
4289,56,184.1,Basic,1
4290,28,445.7,Premium,0
4291,64,143.6,Basic,1
4292,53,204.3,Basic,0
4293,44,354.4,Basic,0
4294,34,243.3,Premium,0
4295,20,265.3,Basic,0
4296,18,188.2,Basic,0
4297,10,96.3,Basic,0
4298,41,430.9,Basic,1
4299,122,404.2,Basic,0
4300,161,395.2,Basic,1
4301,19,217.6,Basic,0
4302,77,591.0,Premium,0
4303,101,609.3,Premium,0
4304,24,605.3,Basic,0
4305,69,287.1,Premium,0
4306,91,278.5,Basic,1
4307,10,95.7,Basic,0
4308,58,658.0,Basic,0
4309,16,249.0,Premium,0
4310,60,94.4,Premium,1
4311,42,617.2,Basic,0
4312,8,278.6,Premium,0
4313,23,833.1,Basic,0
4314,20,327.4,Premium,0
4315,88,169.9,Premium,0
4316,39,442.1,Basic,0
4317,19,265.2,Premium,0
4318,65,384.9,Basic,0
4319,33,137.5,Basic,0
4320,48,355.1,Basic,0
4321,36,178.4,Basic,0
4322,157,548.7,Premium,1
4323,48,298.6,Premium,1
4324,70,278.1,Basic,0
4325,88,261.2,Premium,1
4326,39,308.5,Premium,0
4327,103,416.7,Basic,1
4328,77,122.1,Premium,0
4329,5,303.8,Basic,0
4330,22,1457.3,Premium,0
4331,40,558.8,Basic,0
4332,43,217.6,Basic,0
4333,25,266.6,Basic,0
4334,57,168.7,Basic,0
4335,32,,Basic,0
4336,40,74.0,Basic,0
4337,31,178.2,Basic,1
4338,35,169.9,Premium,0
4339,17,174.0,Basic,0
4340,53,292.6,Basic,1
4341,62,18.9,Basic,0
4342,12,194.2,Basic,0
4343,25,210.4,Premium,1
4344,43,627.9,Premium,0
4345,119,110.1,Basic,1
4346,17,296.1,Basic,0
4347,32,283.5,Premium,0
4348,28,507.5,Basic,0
4349,51,598.6,Premium,0
4350,17,733.5,Basic,0
4351,24,676.0,Premium,0
4352,154,312.0,Basic,1
4353,5,438.7,Basic,0
4354,39,263.0,Premium,1
4355,41,270.7,Basic,0
4356,29,279.8,Basic,0
4357,87,115.5,Basic,0
4358,48,495.2,Basic,0
4359,126,627.3,Basic,0
4360,7,220.6,Basic,0
4361,57,234.0,Basic,0
4362,50,143.7,Basic,0
4363,60,110.5,Premium,0
4364,82,405.6,Basic,1
4365,105,90.7,Basic,1
4366,142,111.7,Premium,1
4367,13,387.8,Basic,0
4368,57,282.8,Basic,0
4369,91,407.2,Basic,0
4370,38,128.9,Basic,0
4371,18,796.6,Basic,0
4372,18,112.2,Basic,0
4373,23,161.8,Basic,0
4374,54,133.7,Basic,1
4375,24,781.3,Basic,0
4376,42,180.4,Basic,0
4377,10,104.0,Basic,0
4378,10,1395.9,Premium,0
4379,65,698.5,Basic,0
4380,2,565.8,Basic,0
4381,109,672.0,Basic,0
4382,54,107.9,Basic,0
4383,12,734.3,Basic,0
4384,52,208.9,Basic,1
4385,28,417.6,Premium,0
4386,18,243.4,Basic,0
4387,94,810.5,Premium,0
4388,61,16.3,Basic,1
4389,25,93.9,Basic,0
4390,21,671.2,Basic,0
4391,131,145.7,Basic,1
4392,55,607.9,Basic,0
4393,43,139.5,Basic,1
4394,21,202.6,Basic,0
4395,20,1090.4,Premium,0
4396,155,566.8,Premium,1
4397,67,286.7,Basic,1
4398,40,365.1,Basic,0
4399,11,521.5,Basic,0
4400,27,274.3,Basic,0
4401,55,386.8,Basic,0
4402,91,1088.1,Basic,0
4403,45,100.4,Basic,0
4404,90,284.5,Basic,0
4405,46,218.5,Premium,0
4406,84,153.0,Premium,0
4407,34,366.7,Premium,0
4408,85,119.9,Basic,1
4409,28,104.5,Basic,0
4410,70,230.8,Basic,1
4411,49,378.7,Basic,1
4412,3,357.5,Basic,0
4413,22,304.9,Premium,0
4414,193,73.5,Basic,1
4415,61,69.3,Basic,0
4416,27,328.9,Basic,0
4417,11,149.3,Basic,1
4418,44,296.7,Basic,1
4419,60,268.3,Basic,1
4420,27,37.8,Basic,0
4421,51,679.7,Basic,0
4422,94,88.9,Premium,0
4423,19,207.3,Basic,0
4424,26,107.2,Premium,0
4425,8,146.3,Basic,0
4426,97,161.5,Basic,0
4427,30,174.8,Basic,0
4428,123,212.0,Basic,1
4429,3,779.0,Basic,0
4430,53,147.6,Premium,0
4431,64,504.7,Premium,0
4432,61,562.9,Basic,0
4433,77,359.8,Basic,0
4434,49,836.0,Premium,0
4435,47,362.3,Basic,0
4436,9,354.6,Basic,0
4437,38,574.0,Basic,0
4438,48,414.8,Premium,0
4439,23,734.4,Premium,0
4440,20,318.3,Basic,0
4441,60,725.4,Premium,0
4442,71,948.8,Premium,0
4443,21,186.8,Basic,0
4444,34,165.1,Basic,0
4445,54,642.1,Basic,0
4446,23,715.7,Premium,0
4447,41,44.9,Basic,0
4448,50,389.4,Premium,0
4449,138,834.4,Basic,0
4450,35,121.6,Premium,0
4451,7,81.4,Basic,0
4452,10,142.2,Basic,0
4453,23,230.0,Premium,0
4454,31,70.3,Premium,0
4455,90,123.0,Premium,1
4456,36,49.0,Basic,1
4457,61,380.0,Premium,0
4458,106,287.8,Basic,0
4459,69,646.0,Basic,0
4460,32,310.2,,0
4461,38,383.2,Basic,0
4462,41,412.6,Basic,0
4463,111,142.2,Premium,1
4464,85,97.5,Basic,0
4465,82,109.5,Premium,1
4466,58,176.4,Basic,0
4467,49,164.5,Basic,0
4468,37,264.1,Basic,1
4469,14,566.1,Premium,0
4470,68,497.5,Premium,0
4471,26,212.2,Premium,0
4472,76,181.7,Premium,0
4473,5,155.2,Basic,0
4474,16,172.8,Basic,0
4475,83,83.3,Premium,0
4476,111,313.4,Basic,1
4477,75,837.5,Basic,0
4478,19,253.4,Basic,0
4479,88,262.3,Basic,0
4480,20,347.4,Basic,0
4481,88,92.3,Basic,1
4482,15,143.6,Basic,0
4483,29,156.8,Basic,0
4484,2,88.3,Basic,1
4485,16,724.4,Basic,0
4486,68,554.7,Premium,0
4487,146,448.5,Basic,1
4488,92,190.1,Basic,0
4489,73,361.8,Premium,0
4490,10,177.1,Basic,0
4491,30,209.9,Basic,0
4492,125,342.5,Premium,1
4493,43,220.0,Basic,0
4494,13,339.2,Premium,0
4495,30,73.0,Premium,0
4496,4,94.0,Basic,0
4497,79,176.5,Basic,1
4498,11,202.4,Basic,0
4499,42,202.3,Basic,0
4500,13,374.4,Basic,0
4501,48,300.8,Basic,0
4502,76,334.9,Basic,1
4503,27,154.7,Basic,0
4504,103,108.4,Basic,1
4505,70,216.0,Basic,1
4506,62,405.6,Basic,0
4507,101,915.1,Premium,0
4508,48,158.7,Basic,0
4509,31,,Basic,0
4510,56,127.5,Premium,0
4511,14,61.3,Basic,0
4512,81,197.5,Basic,0
4513,81,108.8,Basic,1
4514,35,138.6,Basic,0
4515,25,477.2,Basic,0
4516,50,446.1,Basic,0
4517,12,301.4,Basic,0
4518,31,369.3,Premium,0
4519,97,136.6,Basic,1
4520,17,218.2,Basic,0
4521,106,247.7,Premium,0
4522,58,76.0,Basic,0
4523,64,1023.6,Premium,0
4524,25,194.7,Basic,0
4525,19,131.5,Premium,0
4526,33,68.7,Basic,0
4527,128,455.2,Premium,0
4528,24,966.0,Premium,0
4529,3,904.8,Basic,0
4530,46,229.4,Basic,0
4531,93,,Basic,1
4532,50,266.2,Basic,0
4533,134,261.7,Basic,1
4534,67,37.5,Basic,0
4535,50,176.1,Basic,0
4536,33,315.3,Basic,0
4537,61,363.0,Basic,0
4538,9,382.3,Basic,0
4539,128,259.0,Basic,1
4540,76,97.0,Basic,1
4541,76,224.8,Basic,1
4542,40,579.9,Basic,0
4543,104,332.3,Basic,0
4544,36,201.3,Basic,0
4545,27,959.5,Basic,0
4546,44,350.0,Premium,0
4547,78,222.1,Basic,1
4548,23,405.9,Basic,0
4549,20,114.8,Premium,0
4550,19,252.9,Premium,0
4551,29,,Premium,0
4552,83,52.3,Basic,1
4553,48,288.2,Basic,0
4554,14,470.2,Premium,0
4555,177,162.4,Basic,1
4556,12,420.3,Basic,0
4557,29,678.7,Premium,0
4558,18,737.0,Premium,0
4559,24,130.0,Premium,0
4560,44,364.1,Premium,0
4561,35,506.6,Premium,0
4562,21,279.4,Basic,0
4563,53,646.3,Premium,0
4564,59,,Basic,0
4565,67,97.1,Basic,1
4566,45,654.3,Premium,0
4567,57,272.9,Basic,0
4568,66,718.5,Basic,0
4569,24,97.7,Basic,0
4570,150,359.7,Premium,1
4571,125,683.1,Basic,1
4572,77,392.0,Premium,0
4573,31,437.7,Basic,0
4574,5,695.6,Premium,0
4575,7,343.9,Premium,0
4576,33,126.8,Basic,0
4577,126,476.9,Basic,0
4578,36,228.6,Basic,0
4579,18,45.4,Premium,0
4580,19,600.0,Basic,0
4581,124,,Premium,0
4582,34,156.1,Basic,0
4583,119,332.5,Premium,0
4584,17,1069.4,Premium,0
4585,20,900.0,Premium,0
4586,28,507.7,Premium,0
4587,60,648.8,Basic,0
4588,71,217.1,Basic,0
4589,22,96.4,Premium,0
4590,25,732.0,Premium,0
4591,10,249.5,Basic,0
4592,10,57.1,Basic,0
4593,18,160.9,Basic,0
4594,111,210.2,Basic,0
4595,18,230.3,Basic,0
4596,45,139.8,Basic,0
4597,31,137.2,Premium,0
4598,17,49.7,Basic,1
4599,65,47.7,Basic,0
4600,26,245.4,Basic,0
4601,80,308.5,Basic,0
4602,82,134.1,Premium,0
4603,26,830.6,Premium,0
4604,72,182.5,Basic,0
4605,72,300.2,Premium,1
4606,33,286.1,Premium,0
4607,29,52.0,Premium,0
4608,53,500.6,Basic,0
4609,143,499.9,Premium,0
4610,92,653.0,Basic,0
4611,44,624.6,Basic,0
4612,5,351.0,Basic,0
4613,40,403.8,Basic,0
4614,5,96.7,Basic,0
4615,9,183.5,Basic,0
4616,21,218.9,Basic,0
4617,45,212.7,Premium,0
4618,23,799.0,Premium,0
4619,99,286.3,Basic,0
4620,41,168.0,Premium,0
4621,24,764.4,Premium,0
4622,68,381.4,Premium,0
4623,22,486.3,Basic,0
4624,46,123.4,Premium,0
4625,2,403.5,Premium,0
4626,21,161.2,Premium,0
4627,94,298.2,Basic,0
4628,58,385.4,Basic,0
4629,50,86.4,Basic,0
4630,65,242.8,Basic,0
4631,95,94.3,Basic,1
4632,40,504.2,Basic,0
4633,26,340.5,Premium,1
4634,72,167.5,Premium,1
4635,35,159.0,Basic,1
4636,26,232.7,Premium,0
4637,32,646.5,Basic,0
4638,58,307.2,Premium,0
4639,6,580.5,Premium,0
4640,59,318.6,Premium,0
4641,15,126.0,Premium,0
4642,23,157.7,Basic,0
4643,12,417.2,Premium,0
4644,67,40.5,Basic,1
4645,50,469.4,Premium,0
4646,15,182.8,Premium,0
4647,75,369.8,Premium,1
4648,9,163.2,Basic,0
4649,30,534.4,Premium,0
4650,11,258.6,Basic,0
4651,36,400.5,Basic,0
4652,26,64.9,Premium,0
4653,13,216.2,Basic,0
4654,41,179.8,Premium,0
4655,16,353.8,Basic,0
4656,4,500.1,Basic,0
4657,8,634.2,Premium,0
4658,30,669.8,Basic,0
4659,33,508.5,Basic,0
4660,20,279.0,Premium,0
4661,107,111.9,Basic,0
4662,52,53.9,,0
4663,56,107.6,Basic,1
4664,18,58.3,Premium,0
4665,16,99.7,Premium,0
4666,47,394.3,Premium,0
4667,33,49.8,Basic,0
4668,51,432.2,Premium,0
4669,32,205.9,Premium,0
4670,69,347.3,Premium,0
4671,41,272.4,Basic,0
4672,36,873.2,Premium,0
4673,59,363.8,Premium,0
4674,117,80.2,Basic,1
4675,66,117.4,Basic,0
4676,13,353.4,Premium,0
4677,35,206.9,Basic,0
4678,36,365.8,Premium,0
4679,52,437.9,Premium,0
4680,29,121.5,Basic,0
4681,40,344.1,Basic,1
4682,43,372.4,Basic,0
4683,50,370.2,Premium,0
4684,12,808.3,Basic,0
4685,14,72.5,Premium,0
4686,141,743.1,Basic,0
4687,5,192.1,Basic,0
4688,43,137.1,Basic,0
4689,66,353.2,Basic,0
4690,17,206.7,Premium,0
4691,92,477.8,Basic,0
4692,42,187.7,Basic,1
4693,120,523.3,Basic,1
4694,18,103.1,Basic,0
4695,35,317.0,Basic,0
4696,27,167.1,Premium,0
4697,24,325.7,Basic,0
4698,25,68.0,Basic,0
4699,31,73.8,Basic,0
4700,29,242.2,Premium,0
4701,71,539.4,Basic,0
4702,67,58.2,Basic,1
4703,9,789.2,Premium,0
4704,25,326.1,Basic,0
4705,53,511.2,Basic,0
4706,50,258.7,Basic,1
4707,34,372.9,Premium,0
4708,40,211.2,Basic,0
4709,30,251.3,Premium,0
4710,76,418.9,Basic,0
4711,70,103.4,Basic,1
4712,32,254.5,Basic,0
4713,39,57.0,Basic,1
4714,32,100.8,Premium,0
4715,36,235.8,Basic,0
4716,84,149.1,Basic,0
4717,29,215.6,Basic,0
4718,24,154.4,Premium,0
4719,39,387.2,Basic,0
4720,32,107.6,Premium,0
4721,21,758.5,Basic,0
4722,64,587.9,Basic,0
4723,69,354.4,Basic,1
4724,45,71.6,Basic,1
4725,23,215.9,Basic,0
4726,76,369.5,Basic,1
4727,14,640.2,Premium,0
4728,34,637.7,Premium,0
4729,138,553.0,Premium,0
4730,45,29.7,Basic,1
4731,31,107.3,Basic,0
4732,56,433.6,Basic,0
4733,55,204.7,Premium,0
4734,90,406.6,Premium,0
4735,20,791.9,Basic,0
4736,57,151.3,Basic,0
4737,39,516.0,Basic,0
4738,42,325.2,Basic,0
4739,38,1030.1,Basic,0
4740,37,325.9,Basic,0
4741,9,207.1,Premium,0
4742,28,255.3,Basic,0
4743,38,101.7,Basic,0
4744,52,537.8,Premium,0
4745,43,183.3,Basic,0
4746,41,255.0,Basic,0
4747,60,544.3,Basic,0
4748,101,91.9,Basic,1
4749,34,493.6,Basic,0
4750,20,83.3,Premium,0
4751,76,231.3,Basic,0
4752,56,355.8,Basic,0
4753,32,563.7,Premium,0
4754,77,99.4,Basic,0
4755,19,1039.7,Premium,0
4756,34,467.7,Premium,0
4757,31,437.6,Basic,0
4758,80,469.9,Premium,0
4759,49,103.4,Basic,1
4760,14,181.7,Premium,0
4761,168,592.3,Basic,1
4762,59,786.9,Premium,0
4763,23,48.7,Premium,0
4764,96,410.4,Basic,0
4765,40,228.1,Basic,0
4766,36,447.0,Premium,0
4767,37,376.7,Premium,0
4768,40,286.4,Basic,0
4769,39,161.1,Premium,0
4770,36,501.9,Basic,0
4771,26,158.3,Basic,0
4772,22,224.3,Basic,0
4773,45,126.6,Basic,0
4774,22,331.4,Premium,0
4775,50,83.9,Basic,0
4776,93,214.5,Premium,0
4777,39,500.1,Basic,0
4778,46,97.3,Basic,0
4779,80,407.4,Basic,0
4780,34,76.8,Basic,0
4781,25,149.9,Basic,0
4782,2,151.9,Basic,0
4783,43,469.0,,0
4784,25,609.2,Basic,0
4785,32,195.4,Basic,0
4786,5,83.4,Basic,0
4787,32,222.6,Premium,1
4788,15,237.6,Premium,0
4789,12,166.6,Basic,0
4790,17,228.2,Basic,0
4791,15,126.6,Basic,0
4792,71,114.2,Premium,1
4793,83,42.7,Basic,1
4794,44,454.8,Basic,0
4795,118,288.0,Basic,0
4796,31,381.7,Basic,0
4797,19,346.6,,0
4798,38,,Premium,0
4799,17,227.8,Basic,0
4800,41,787.9,Basic,0
4801,62,168.4,Basic,1
4802,17,259.4,Basic,0
4803,103,235.1,Premium,0
4804,144,109.3,Basic,1
4805,127,1318.3,Premium,0
4806,6,369.6,Basic,0
4807,26,147.6,Basic,0
4808,48,158.9,Premium,0
4809,11,406.7,Basic,0
4810,12,684.6,,0
4811,6,96.1,Basic,0
4812,41,286.8,Premium,0
4813,51,258.5,Basic,0
4814,80,259.9,Basic,0
4815,56,388.6,Premium,0
4816,63,264.9,Premium,0
4817,8,304.3,Premium,0
4818,47,317.5,Premium,0
4819,37,118.2,Premium,0
4820,23,775.7,Basic,0
4821,29,423.7,Basic,0
4822,51,507.3,Basic,0
4823,66,307.8,Basic,0
4824,132,1034.3,Basic,1
4825,53,13.2,Basic,0
4826,71,266.1,Basic,0
4827,69,154.4,Premium,0
4828,83,282.1,Basic,0
4829,15,673.8,Basic,0
4830,41,400.3,Basic,0
4831,18,319.8,Premium,0
4832,19,937.0,Premium,0
4833,54,475.0,Basic,0
4834,55,371.2,Basic,0
4835,53,364.1,Basic,0
4836,25,455.8,Basic,0
4837,42,158.2,Basic,1
4838,32,141.8,Basic,0
4839,53,108.5,Basic,0
4840,82,164.1,Basic,1
4841,17,898.3,Premium,0
4842,39,286.9,Premium,0
4843,71,700.7,Basic,0
4844,9,154.3,Basic,0
4845,75,541.0,Basic,0
4846,4,611.1,Basic,0
4847,15,371.8,Premium,0
4848,38,218.0,Basic,0
4849,31,172.8,Premium,0
4850,28,497.2,Basic,0
4851,125,275.3,Premium,1
4852,13,191.3,Basic,0
4853,56,433.1,Premium,0
4854,128,401.3,Basic,0
4855,72,127.0,Basic,1
4856,51,332.2,Basic,0
4857,47,613.0,Basic,0
4858,28,138.8,,0
4859,26,655.9,Premium,0
4860,11,652.1,Premium,0
4861,78,531.4,Basic,0
4862,12,537.4,Premium,0
4863,37,398.3,Basic,0
4864,30,493.0,Basic,0
4865,45,331.8,Basic,0
4866,61,180.2,Basic,1
4867,27,176.9,Basic,0
4868,15,239.6,Basic,0
4869,22,433.2,Basic,0
4870,18,318.6,Premium,0
4871,130,215.8,Basic,1
4872,94,528.2,Basic,0
4873,10,292.4,Basic,0
4874,31,78.9,Basic,0
4875,17,108.6,Basic,0
4876,22,96.9,Basic,0
4877,25,249.8,Basic,0
4878,19,146.2,Premium,0
4879,74,217.8,Basic,1
4880,50,218.8,Premium,0
4881,47,65.1,Basic,0
4882,101,106.4,Basic,1
4883,70,934.4,Premium,0
4884,40,196.4,Basic,1
4885,48,186.3,Basic,0
4886,78,232.7,Premium,0
4887,75,306.2,Basic,0
4888,3,332.4,Premium,0
4889,54,826.5,Basic,0
4890,42,716.0,Premium,0
4891,63,809.3,Basic,0
4892,6,428.0,Basic,0
4893,83,391.9,Basic,0
4894,66,102.6,Basic,1
4895,29,77.6,Basic,0
4896,118,68.5,Basic,1
4897,15,226.2,Basic,0
4898,46,479.5,Basic,0
4899,25,152.0,Basic,0
4900,20,160.8,Premium,0
4901,37,453.0,Basic,0
4902,7,124.8,Basic,0
4903,66,691.9,Basic,0
4904,179,110.3,Basic,1
4905,14,621.5,Premium,0
4906,100,311.5,Basic,1
4907,80,31.1,Premium,0
4908,9,134.3,Basic,0
4909,13,646.0,Premium,0
4910,45,67.0,Basic,0
4911,63,244.2,Premium,0
4912,85,70.0,Basic,1
4913,38,227.1,Basic,0
4914,41,336.0,Basic,0
4915,11,277.5,Basic,0
4916,100,383.5,Premium,0
4917,81,276.4,Basic,1
4918,57,210.8,Basic,0
4919,39,574.7,Premium,0
4920,99,65.0,Basic,1
4921,14,866.8,Premium,0
4922,48,371.3,Premium,0
4923,133,73.9,Basic,1
4924,14,790.4,Premium,0
4925,154,216.3,Basic,1
4926,77,165.1,Basic,1
4927,65,75.6,Basic,1
4928,98,150.2,Basic,1
4929,85,594.6,Premium,0
4930,9,153.5,Premium,0
4931,9,463.6,Basic,0
4932,25,189.1,Basic,0
4933,51,135.7,Premium,0
4934,89,157.0,Basic,1
4935,33,352.1,Basic,0
4936,21,294.6,Basic,0
4937,74,933.4,Premium,0
4938,32,197.0,Basic,0
4939,54,615.3,Premium,0
4940,41,293.9,Premium,0
4941,22,127.6,Basic,0
4942,22,87.9,Basic,0
4943,14,258.8,Premium,0
4944,92,248.3,Basic,1
4945,29,773.6,Premium,0
4946,21,926.2,,0
4947,6,711.2,Basic,0
4948,5,181.9,Premium,0
4949,15,151.3,Premium,0
4950,53,195.9,Premium,0
4951,42,221.1,Basic,1
4952,31,50.4,Basic,0
4953,15,109.4,Basic,0
4954,6,737.8,Premium,0
4955,21,307.3,Basic,0
4956,32,208.8,Premium,0
4957,67,56.5,Basic,1
4958,9,302.1,Basic,0
4959,30,259.6,Basic,0
4960,14,142.1,Premium,0
4961,25,409.3,Basic,0
4962,149,167.0,Basic,1
4963,17,280.8,Basic,0
4964,15,918.1,Premium,0
4965,213,394.0,Basic,1
4966,61,76.4,Basic,0
4967,58,513.7,Premium,0
4968,18,187.6,Premium,0
4969,147,460.3,Premium,0
4970,10,470.1,Basic,0
4971,85,280.9,Basic,0
4972,93,106.9,Premium,0
4973,107,33.3,Basic,1
4974,116,699.5,Premium,0
4975,33,651.1,Basic,1
4976,50,137.3,Basic,0
4977,42,27.5,Basic,1
4978,16,67.9,Basic,0
4979,31,172.8,Basic,0
4980,93,467.4,Basic,0
4981,11,36.2,Premium,0
4982,72,585.4,Basic,0
4983,75,701.6,Premium,0
4984,43,751.1,Premium,0
4985,78,101.7,Basic,0
4986,16,494.6,Basic,0
4987,14,332.1,Premium,0
4988,28,95.7,Basic,1
4989,52,361.6,Premium,0
4990,139,323.4,Premium,0
4991,43,87.9,Premium,0
4992,29,382.4,Basic,0
4993,91,239.6,Basic,1
4994,12,183.6,Basic,0
4995,9,178.0,Basic,0
4996,141,411.7,Premium,1
4997,21,167.4,Basic,0
4998,109,35.1,Basic,1
4999,100,118.4,Premium,1
5000,80,241.7,Basic,0
